ID,Name,CAWL_ID,Source,Tier,Concepticon_ID,Concepticon_Gloss,Semantic_Field,Part_Of_Speech,Swadesh_100,Swadesh_207,LJ_100,Comment
param-CAWL-0001,body,0001,CAWL,core,,,,,,,,
param-CAWL-0002,skin (of man),0002,CAWL,core,,,,,x,x,x,
param-CAWL-0003,head,0003,CAWL,core,,,,,x,x,,
param-CAWL-0004,forehead,0004,CAWL,core,,,,,,,,
param-CAWL-0005,face,0005,CAWL,core,,,,,,,,
param-CAWL-0006,eye,0006,CAWL,core,,,,,x,x,,
param-CAWL-0007,eyebrow,0007,CAWL,core,,,,,,,,
param-CAWL-0008,eyelid,0008,CAWL,core,,,,,,,,
param-CAWL-0009,eyelash,0009,CAWL,core,,,,,,,,
param-CAWL-0010,pupil (of eye),0010,CAWL,core,,,,,,,,
param-CAWL-0011,nose,0011,CAWL,core,,,,,x,x,x,
param-CAWL-0012,bridge (of nose),0012,CAWL,core,,,,,,,,
param-CAWL-0013,ear,0013,CAWL,core,,,,,x,x,x,
param-CAWL-0014,cheek,0014,CAWL,core,,,,,,,,
param-CAWL-0015,mouth,0015,CAWL,core,,,,,x,x,,
param-CAWL-0016,lip,0016,CAWL,core,,,,,,,,
param-CAWL-0017,tongue,0017,CAWL,core,,,,,x,x,x,
param-CAWL-0018,tooth,0018,CAWL,core,,,,,x,x,x,
param-CAWL-0019,molar tooth,0019,CAWL,core,,,,,,,,
param-CAWL-0020,palate,0020,CAWL,core,,,,,,,,
param-CAWL-0021,jaw,0021,CAWL,core,,,,,,,,
param-CAWL-0022,chin,0022,CAWL,core,,,,,,,,
param-CAWL-0023,neck,0023,CAWL,core,,,,,x,x,,
param-CAWL-0024,nape of neck,0024,CAWL,core,,,,,,,,
param-CAWL-0025,throat,0025,CAWL,core,,,,,,,,
param-CAWL-0026,"voice box, larynx, Adam’s",0026,CAWL,core,,,,,,,,
param-CAWL-0027,hair (of head),0027,CAWL,core,,,,,x,x,,
param-CAWL-0028,beard,0028,CAWL,core,,,,,,,,
param-CAWL-0029,hair (of body),0029,CAWL,core,,,,,x,x,,
param-CAWL-0030,"tuft, lock (of hair)",0030,CAWL,core,,,,,,,,
param-CAWL-0031,shoulder,0031,CAWL,core,,,,,,,,
param-CAWL-0032,shoulder blade,0032,CAWL,core,,,,,,,,
param-CAWL-0033,chest,0033,CAWL,core,,,,,,,,
param-CAWL-0034,breast,0034,CAWL,core,,,,,x,x,x,
param-CAWL-0035,side (of body),0035,CAWL,core,,,,,,,,
param-CAWL-0036,waist,0036,CAWL,core,,,,,,,,
param-CAWL-0037,navel,0037,CAWL,core,,,,,,,x,
param-CAWL-0038,umbilical cord,0038,CAWL,core,,,,,,,,
param-CAWL-0039,abdomen (external),0039,CAWL,core,,,,,,,,
param-CAWL-0040,stomach (internal),0040,CAWL,core,,,,,,,,
param-CAWL-0041,womb,0041,CAWL,core,,,,,,,,
param-CAWL-0042,back,0042,CAWL,core,,,,,x,x,x,
param-CAWL-0043,small of back,0043,CAWL,core,,,,,,,,
param-CAWL-0044,buttock,0044,CAWL,core,,,,,,,,
param-CAWL-0045,anus,0045,CAWL,core,,,,,,,,
param-CAWL-0046,penis,0046,CAWL,core,,,,,,,,
param-CAWL-0047,testicle,0047,CAWL,core,,,,,,,,
param-CAWL-0048,vagina,0048,CAWL,core,,,,,,,,
param-CAWL-0049,clitoris,0049,CAWL,core,,,,,,,,
param-CAWL-0050,arm,0050,CAWL,core,,,,,,,x,
param-CAWL-0051,armpit,0051,CAWL,core,,,,,,,,
param-CAWL-0052,upper arm,0052,CAWL,core,,,,,,,,
param-CAWL-0053,elbow,0053,CAWL,core,,,,,,,,
param-CAWL-0054,forearm,0054,CAWL,core,,,,,,,,
param-CAWL-0055,wrist,0055,CAWL,core,,,,,,,,
param-CAWL-0056,hand,0056,CAWL,core,,,,,x,x,x,
param-CAWL-0057,fist,0057,CAWL,core,,,,,,,,
param-CAWL-0058,palm (of hand),0058,CAWL,core,,,,,,,,
param-CAWL-0059,finger,0059,CAWL,core,,,,,,,,
param-CAWL-0060,thumb,0060,CAWL,core,,,,,,,,
param-CAWL-0061,knuckle,0061,CAWL,core,,,,,,,,
param-CAWL-0062,fingernail,0062,CAWL,core,,,,,,,,
param-CAWL-0063,leg,0063,CAWL,core,,,,,,,,
param-CAWL-0064,hip,0064,CAWL,core,,,,,,,,
param-CAWL-0065,thigh,0065,CAWL,core,,,,,,,,
param-CAWL-0066,knee,0066,CAWL,core,,,,,x,x,x,
param-CAWL-0067,shin,0067,CAWL,core,,,,,,,,
param-CAWL-0068,calf of leg,0068,CAWL,core,,,,,,,,
param-CAWL-0069,ankle,0069,CAWL,core,,,,,,,,
param-CAWL-0070,foot,0070,CAWL,core,,,,,x,x,,
param-CAWL-0071,heel,0071,CAWL,core,,,,,,,,
param-CAWL-0072,sole,0072,CAWL,core,,,,,,,,
param-CAWL-0073,toe,0073,CAWL,core,,,,,,,,
param-CAWL-0074,bone,0074,CAWL,core,,,,,x,x,x,
param-CAWL-0075,bone marrow,0075,CAWL,core,,,,,,,,
param-CAWL-0076,skeleton,0076,CAWL,core,,,,,,,,
param-CAWL-0077,skull,0077,CAWL,core,,,,,,,,
param-CAWL-0078,breastbone,0078,CAWL,core,,,,,,,,
param-CAWL-0079,"spine, backbone",0079,CAWL,core,,,,,,,,
param-CAWL-0080,rib,0080,CAWL,core,,,,,,,,
param-CAWL-0081,brain,0081,CAWL,core,,,,,,,,
param-CAWL-0082,heart,0082,CAWL,core,,,,,x,x,x,
param-CAWL-0083,liver,0083,CAWL,core,,,,,x,x,x,
param-CAWL-0084,kidney,0084,CAWL,core,,,,,,,,
param-CAWL-0085,lung,0085,CAWL,core,,,,,,,,
param-CAWL-0086,intestines,0086,CAWL,core,,,,,,,,
param-CAWL-0087,bladder,0087,CAWL,core,,,,,,,,
param-CAWL-0088,gall bladder,0088,CAWL,core,,,,,,,,
param-CAWL-0089,muscle,0089,CAWL,core,,,,,,,,
param-CAWL-0090,tendon,0090,CAWL,core,,,,,,,,
param-CAWL-0091,vein,0091,CAWL,core,,,,,,,,
param-CAWL-0092,breath,0092,CAWL,core,,,,,,,,
param-CAWL-0093,saliva,0093,CAWL,core,,,,,,,,
param-CAWL-0094,phlegm,0094,CAWL,core,,,,,,,,
param-CAWL-0095,"nasal mucus, snot",0095,CAWL,core,,,,,,,,
param-CAWL-0096,earwax,0096,CAWL,core,,,,,,,,
param-CAWL-0097,tears (n),0097,CAWL,core,,,,,,,,
param-CAWL-0098,blood,0098,CAWL,core,,,,,x,x,x,
param-CAWL-0099,"bile, gall",0099,CAWL,core,,,,,,,,
param-CAWL-0100,semen,0100,CAWL,core,,,,,,,,
param-CAWL-0101,urine,0101,CAWL,core,,,,,,,,
param-CAWL-0102,"excrement, faeces",0102,CAWL,core,,,,,,,,
param-CAWL-0103,blink,0103,CAWL,core,,,,,,,,
param-CAWL-0104,wink (eye),0104,CAWL,core,,,,,,,,
param-CAWL-0105,blow nose,0105,CAWL,core,,,,,,,,
param-CAWL-0106,breathe,0106,CAWL,core,,,,,,,x,
param-CAWL-0107,yawn,0107,CAWL,core,,,,,,,,
param-CAWL-0108,snore,0108,CAWL,core,,,,,,,,
param-CAWL-0109,pant,0109,CAWL,core,,,,,,,,
param-CAWL-0110,blow (with mouth),0110,CAWL,core,,,,,,,x,
param-CAWL-0111,spit,0111,CAWL,core,,,,,,,x,
param-CAWL-0112,cough (v),0112,CAWL,core,,,,,,,,
param-CAWL-0113,belch,0113,CAWL,core,,,,,,,,
param-CAWL-0114,hiccough (n),0114,CAWL,core,,,,,,,,
param-CAWL-0115,sneeze (v),0115,CAWL,core,,,,,,,,
param-CAWL-0116,groan (with pain),0116,CAWL,core,,,,,,,,
param-CAWL-0117,grunt (from effort),0117,CAWL,core,,,,,,,,
param-CAWL-0118,palpitate (of heart),0118,CAWL,core,,,,,,,,
param-CAWL-0119,urinate,0119,CAWL,core,,,,,,,,
param-CAWL-0120,"break wind, fart",0120,CAWL,core,,,,,,,,
param-CAWL-0121,defecate,0121,CAWL,core,,,,,,,,
param-CAWL-0122,"shiver, tremble",0122,CAWL,core,,,,,,,,
param-CAWL-0123,"perspire, sweat",0123,CAWL,core,,,,,,,,
param-CAWL-0124,bleed,0124,CAWL,core,,,,,,,,
param-CAWL-0125,"coagulate, clot",0125,CAWL,core,,,,,,,,
param-CAWL-0126,(be) dizzy,0126,CAWL,core,,,,,,,,
param-CAWL-0127,faint,0127,CAWL,core,,,,,,,,
param-CAWL-0128,sleep (v),0128,CAWL,core,,,,,,,x,
param-CAWL-0129,dream (n),0129,CAWL,core,,,,,,,x,
param-CAWL-0130,wake up (intr),0130,CAWL,core,,,,,,,,
param-CAWL-0131,see,0131,CAWL,core,,,,,x,x,x,
param-CAWL-0132,notice (v),0132,CAWL,core,,,,,,,,
param-CAWL-0133,"look at, watch",0133,CAWL,core,,,,,,,,
param-CAWL-0134,hear,0134,CAWL,core,,,,,x,x,x,
param-CAWL-0135,listen,0135,CAWL,core,,,,,,,,
param-CAWL-0136,smell (v),0136,CAWL,core,,,,,,,x,
param-CAWL-0137,feel (passive),0137,CAWL,core,,,,,,,,
param-CAWL-0138,"touch, feel (active)",0138,CAWL,core,,,,,,,,
param-CAWL-0139,taste,0139,CAWL,core,,,,,,,,
param-CAWL-0140,eat,0140,CAWL,core,,,,,x,x,,
param-CAWL-0141,bite (v),0141,CAWL,core,,,,,x,x,x,
param-CAWL-0142,crunch,0142,CAWL,core,,,,,,,,
param-CAWL-0143,chew,0143,CAWL,core,,,,,,,,
param-CAWL-0144,gnaw,0144,CAWL,core,,,,,,,,
param-CAWL-0145,swallow,0145,CAWL,core,,,,,,,,
param-CAWL-0146,choke,0146,CAWL,core,,,,,,,,
param-CAWL-0147,lick,0147,CAWL,core,,,,,,,,
param-CAWL-0148,suck,0148,CAWL,core,,,,,,,,
param-CAWL-0149,drink,0149,CAWL,core,,,,,x,x,x,
param-CAWL-0150,sit,0150,CAWL,core,,,,,x,x,,
param-CAWL-0151,rise up (intr),0151,CAWL,core,,,,,,,,
param-CAWL-0152,lie down,0152,CAWL,core,,,,,,,,
param-CAWL-0153,turn round (intr),0153,CAWL,core,,,,,,,,
param-CAWL-0154,walk,0154,CAWL,core,,,,,x,x,x,
param-CAWL-0155,step (v),0155,CAWL,core,,,,,,,,
param-CAWL-0156,stumble,0156,CAWL,core,,,,,,,,
param-CAWL-0157,limp,0157,CAWL,core,,,,,,,,
param-CAWL-0158,crawl,0158,CAWL,core,,,,,,,,
param-CAWL-0159,run,0159,CAWL,core,,,,,,,,
param-CAWL-0160,swim,0160,CAWL,core,,,,,x,x,,
param-CAWL-0161,jump (v),0161,CAWL,core,,,,,,,,
param-CAWL-0162,kick,0162,CAWL,core,,,,,,,,
param-CAWL-0163,stamp (with foot),0163,CAWL,core,,,,,,,,
param-CAWL-0164,trample,0164,CAWL,core,,,,,,,,
param-CAWL-0165,wave (hand as a greeting) (v)  faire signe de la main,0165,CAWL,core,,,,,,,,
param-CAWL-0166,"indicate, point (as with the",0166,CAWL,core,,,,,,,,
param-CAWL-0167,clap (hands),0167,CAWL,core,,,,,,,,
param-CAWL-0168,slap (v),0168,CAWL,core,,,,,,,,
param-CAWL-0169,stand,0169,CAWL,core,,,,,x,x,,
param-CAWL-0170,straddle,0170,CAWL,core,,,,,,,,
param-CAWL-0171,lean against (intr),0171,CAWL,core,,,,,,,,
param-CAWL-0172,"bend down, stoop",0172,CAWL,core,,,,,,,,
param-CAWL-0173,bow (as in greeting),0173,CAWL,core,,,,,,,,
param-CAWL-0174,(be) seated,0174,CAWL,core,,,,,,,,
param-CAWL-0175,squat,0175,CAWL,core,,,,,,,,
param-CAWL-0176,kneel,0176,CAWL,core,,,,,,,,
param-CAWL-0177,(be) lying down,0177,CAWL,core,,,,,,,,
param-CAWL-0178,(be) hot (of person),0178,CAWL,core,,,,,,,,
param-CAWL-0179,"(be) hungry, hunger (v)",0179,CAWL,core,,,,,,,,
param-CAWL-0180,(be) sated,0180,CAWL,core,,,,,,,,
param-CAWL-0181,"(be) thirsty, thirst (v)",0181,CAWL,core,,,,,,,,
param-CAWL-0182,(be) drunk,0182,CAWL,core,,,,,,,,
param-CAWL-0183,(be) tired,0183,CAWL,core,,,,,,,,
param-CAWL-0184,(be) sleepy,0184,CAWL,core,,,,,,,,
param-CAWL-0185,rest,0185,CAWL,core,,,,,,,,
param-CAWL-0186,"(be) awake, alert",0186,CAWL,core,,,,,,,,
param-CAWL-0187,wrinkle (on skin),0187,CAWL,core,,,,,,,,
param-CAWL-0188,pimple,0188,CAWL,core,,,,,,,,
param-CAWL-0189,hump (of hunchback),0189,CAWL,core,,,,,,,,
param-CAWL-0190,(be) bald,0190,CAWL,core,,,,,,,,
param-CAWL-0191,(be) blind,0191,CAWL,core,,,,,,,,
param-CAWL-0192,"(be) myopic, (be) shortsighted (être) myope",0192,CAWL,core,,,,,,,,
param-CAWL-0193,(be) thin,0193,CAWL,core,,,,,,,,
param-CAWL-0194,(be) impotent,0194,CAWL,core,,,,,,,,
param-CAWL-0195,barren woman,0195,CAWL,core,,,,,,,,
param-CAWL-0196,blind person,0196,CAWL,core,,,,,,,,
param-CAWL-0197,deaf (mute) person,0197,CAWL,core,,,,,,,,
param-CAWL-0198,hunchback,0198,CAWL,core,,,,,,,,
param-CAWL-0199,cripple (n),0199,CAWL,core,,,,,,,,
param-CAWL-0200,dwarf,0200,CAWL,core,,,,,,,,
param-CAWL-0201,giant,0201,CAWL,core,,,,,,,,
param-CAWL-0202,stupid person,0202,CAWL,core,,,,,,,,
param-CAWL-0203,senile person,0203,CAWL,core,,,,,,,,
param-CAWL-0204,mad person,0204,CAWL,core,,,,,,,,
param-CAWL-0205,"(be) healthy, (be) well",0205,CAWL,core,,,,,,,,
param-CAWL-0206,"(be) sick, (be) ill",0206,CAWL,core,,,,,,,,
param-CAWL-0207,hurt oneself,0207,CAWL,core,,,,,,,,
param-CAWL-0208,"heal (tr), cure (v)",0208,CAWL,core,,,,,,,,
param-CAWL-0209,medicine,0209,CAWL,core,,,,,,,,
param-CAWL-0210,"get well, recover",0210,CAWL,core,,,,,,,,
param-CAWL-0211,revive,0211,CAWL,core,,,,,,,,
param-CAWL-0212,abscess,0212,CAWL,core,,,,,,,,
param-CAWL-0213,swelling,0213,CAWL,core,,,,,,,,
param-CAWL-0214,tumour,0214,CAWL,core,,,,,,,,
param-CAWL-0215,bruise (n),0215,CAWL,core,,,,,,,,
param-CAWL-0216,burn (n),0216,CAWL,core,,,,,x,x,x,
param-CAWL-0217,goiter,0217,CAWL,core,,,,,,,,
param-CAWL-0218,hernia (umbilical),0218,CAWL,core,,,,,,,,
param-CAWL-0219,ulcer (leg),0219,CAWL,core,,,,,,,,
param-CAWL-0220,"wound, sore",0220,CAWL,core,,,,,,,,
param-CAWL-0221,pus,0221,CAWL,core,,,,,,,,
param-CAWL-0222,scar,0222,CAWL,core,,,,,,,,
param-CAWL-0223,intestinal worm,0223,CAWL,core,,,,,,,,
param-CAWL-0224,"illness, disease",0224,CAWL,core,,,,,,,,
param-CAWL-0225,elephantiasis,0225,CAWL,core,,,,,,,,
param-CAWL-0226,ringworm,0226,CAWL,core,,,,,,,,
param-CAWL-0227,leprosy,0227,CAWL,core,,,,,,,,
param-CAWL-0228,malaria (fever),0228,CAWL,core,,,,,,,,
param-CAWL-0229,fever (not malaria),0229,CAWL,core,,,,,,,,
param-CAWL-0230,pain (n),0230,CAWL,core,,,,,,,,
param-CAWL-0231,"give pain, hurt",0231,CAWL,core,,,,,,,,
param-CAWL-0232,throb (with pain),0232,CAWL,core,,,,,,,,
param-CAWL-0233,vomit (v),0233,CAWL,core,,,,,,,,
param-CAWL-0234,"stomachache, upset stomach",0234,CAWL,core,,,,,,,,
param-CAWL-0235,headache,0235,CAWL,core,,,,,,,,
param-CAWL-0236,diarrhea,0236,CAWL,core,,,,,,,,
param-CAWL-0237,scabies (the itch),0237,CAWL,core,,,,,,,,
param-CAWL-0238,life,0238,CAWL,core,,,,,,,,
param-CAWL-0239,(be) alive,0239,CAWL,core,,,,,,,,
param-CAWL-0240,menstrual period,0240,CAWL,core,,,,,,,,
param-CAWL-0241,(be) pregnant,0241,CAWL,core,,,,,,,,
param-CAWL-0242,miscarriage,0242,CAWL,core,,,,,,,,
param-CAWL-0243,"labour (n), birth pains",0243,CAWL,core,,,,,,,,
param-CAWL-0244,"bear (child), give birth",0244,CAWL,core,,,,,,,,
param-CAWL-0245,(be) born,0245,CAWL,core,,,,,,,,
param-CAWL-0246,(be) young,0246,CAWL,core,,,,,,,,
param-CAWL-0247,grow up,0247,CAWL,core,,,,,,,,
param-CAWL-0248,(be) old (not young),0248,CAWL,core,,,,,,,,
param-CAWL-0249,die,0249,CAWL,core,,,,,x,x,x,
param-CAWL-0250,death,0250,CAWL,core,,,,,,,,
param-CAWL-0251,(be) dead,0251,CAWL,core,,,,,,,,
param-CAWL-0252,think,0252,CAWL,core,,,,,,,,
param-CAWL-0253,believe,0253,CAWL,core,,,,,,,,
param-CAWL-0254,hope (v),0254,CAWL,core,,,,,,,,
param-CAWL-0255,know (something or someone),0255,CAWL,core,,,,,x,x,x,
param-CAWL-0256,knowledge,0256,CAWL,core,,,,,,,,
param-CAWL-0257,wisdom,0257,CAWL,core,,,,,,,,
param-CAWL-0258,(be) wise,0258,CAWL,core,,,,,,,,
param-CAWL-0259,(be) intelligent,0259,CAWL,core,,,,,,,,
param-CAWL-0260,(be) stupid,0260,CAWL,core,,,,,,,,
param-CAWL-0261,(be) confused,0261,CAWL,core,,,,,,,,
param-CAWL-0262,learn,0262,CAWL,core,,,,,,,,
param-CAWL-0263,teach,0263,CAWL,core,,,,,,,,
param-CAWL-0264,show,0264,CAWL,core,,,,,,,,
param-CAWL-0265,remember,0265,CAWL,core,,,,,,,,
param-CAWL-0266,forget,0266,CAWL,core,,,,,,,,
param-CAWL-0267,"(be) happy, (be) joyful",0267,CAWL,core,,,,,,,,
param-CAWL-0268,rejoice,0268,CAWL,core,,,,,,,,
param-CAWL-0269,laugh,0269,CAWL,core,,,,,,,x,
param-CAWL-0270,smile,0270,CAWL,core,,,,,,,,
param-CAWL-0271,(be) sad,0271,CAWL,core,,,,,,,,
param-CAWL-0272,"cry, weep",0272,CAWL,core,,,,,,,,
param-CAWL-0273,sorrow (n),0273,CAWL,core,,,,,,,,
param-CAWL-0274,shame (n),0274,CAWL,core,,,,,,,,
param-CAWL-0275,pity (n),0275,CAWL,core,,,,,,,,
param-CAWL-0276,fear (n),0276,CAWL,core,,,,,,,x,
param-CAWL-0277,frighten,0277,CAWL,core,,,,,,,,
param-CAWL-0278,"startle, surprise",0278,CAWL,core,,,,,,,,
param-CAWL-0279,(be) angry,0279,CAWL,core,,,,,,,,
param-CAWL-0280,calm (oneself),0280,CAWL,core,,,,,,,,
param-CAWL-0281,(be) proud,0281,CAWL,core,,,,,,,,
param-CAWL-0282,respect (v),0282,CAWL,core,,,,,,,,
param-CAWL-0283,honour (v),0283,CAWL,core,,,,,,,,
param-CAWL-0284,love (v),0284,CAWL,core,,,,,,,,
param-CAWL-0285,hate (v),0285,CAWL,core,,,,,,,,
param-CAWL-0286,"despise, disdain",0286,CAWL,core,,,,,,,,
param-CAWL-0287,"want, desire (v)",0287,CAWL,core,,,,,,,,
param-CAWL-0288,decide,0288,CAWL,core,,,,,,,,
param-CAWL-0289,"choose (tr), pick (tr)",0289,CAWL,core,,,,,,,,
param-CAWL-0290,hesitate,0290,CAWL,core,,,,,,,,
param-CAWL-0291,abstain,0291,CAWL,core,,,,,,,,
param-CAWL-0292,"allow, permit",0292,CAWL,core,,,,,,,,
param-CAWL-0293,forbid,0293,CAWL,core,,,,,,,,
param-CAWL-0294,prevent,0294,CAWL,core,,,,,,,,
param-CAWL-0295,plan (n),0295,CAWL,core,,,,,,,,
param-CAWL-0296,try,0296,CAWL,core,,,,,,,,
param-CAWL-0297,succeed,0297,CAWL,core,,,,,,,,
param-CAWL-0298,fail,0298,CAWL,core,,,,,,,,
param-CAWL-0299,pretend,0299,CAWL,core,,,,,,,,
param-CAWL-0300,(be) kind,0300,CAWL,core,,,,,,,,
param-CAWL-0301,(be) generous,0301,CAWL,core,,,,,,,,
param-CAWL-0302,(be) selfish,0302,CAWL,core,,,,,,,,
param-CAWL-0303,(be) honest,0303,CAWL,core,,,,,,,,
param-CAWL-0304,(be) corrupt,0304,CAWL,core,,,,,,,,
param-CAWL-0305,(be) wicked,0305,CAWL,core,,,,,,,,
param-CAWL-0306,(be) fierce,0306,CAWL,core,,,,,,,,
param-CAWL-0307,(be) jealous,0307,CAWL,core,,,,,,,,
param-CAWL-0308,(be) shy,0308,CAWL,core,,,,,,,,
param-CAWL-0309,"(be) courageous, (be) brave",0309,CAWL,core,,,,,,,,
param-CAWL-0310,coward,0310,CAWL,core,,,,,,,,
param-CAWL-0311,(be) curious,0311,CAWL,core,,,,,,,,
param-CAWL-0312,"(be) eager, (be) zealous",0312,CAWL,core,,,,,,,,
param-CAWL-0313,(be) lazy,0313,CAWL,core,,,,,,,,
param-CAWL-0314,(be) patient,0314,CAWL,core,,,,,,,,
param-CAWL-0315,(be) impatient,0315,CAWL,core,,,,,,,,
param-CAWL-0316,"(be) restless, (be) unsettled  (être) agité, trouble",0316,CAWL,core,,,,,,,,
param-CAWL-0317,(be) stubborn,0317,CAWL,core,,,,,,,,
param-CAWL-0318,reputation,0318,CAWL,core,,,,,,,,
param-CAWL-0319,"hardship, distress",0319,CAWL,core,,,,,,,,
param-CAWL-0320,(be) difficult,0320,CAWL,core,,,,,,,,
param-CAWL-0321,suffer,0321,CAWL,core,,,,,,,,
param-CAWL-0322,obstruct,0322,CAWL,core,,,,,,,,
param-CAWL-0323,"stumbling block, obstruction",0323,CAWL,core,,,,,,,,
param-CAWL-0324,danger,0324,CAWL,core,,,,,,,,
param-CAWL-0325,"problem, trouble",0325,CAWL,core,,,,,,,,
param-CAWL-0326,"human being, person",0326,CAWL,core,,,,,,,,
param-CAWL-0327,self,0327,CAWL,core,,,,,,,,
param-CAWL-0328,man (male),0328,CAWL,core,,,,,x,x,x,
param-CAWL-0329,woman,0329,CAWL,core,,,,,x,x,x,
param-CAWL-0330,white man,0330,CAWL,core,,,,,,,,
param-CAWL-0331,fetus,0331,CAWL,core,,,,,,,,
param-CAWL-0332,baby,0332,CAWL,core,,,,,,,,
param-CAWL-0333,twin,0333,CAWL,core,,,,,,,,
param-CAWL-0334,child,0334,CAWL,core,,,,,x,x,,
param-CAWL-0335,boy,0335,CAWL,core,,,,,,,,
param-CAWL-0336,girl,0336,CAWL,core,,,,,,,,
param-CAWL-0337,adult,0337,CAWL,core,,,,,,,,
param-CAWL-0338,young man,0338,CAWL,core,,,,,,,,
param-CAWL-0339,virgin,0339,CAWL,core,,,,,,,,
param-CAWL-0340,old person,0340,CAWL,core,,,,,,,,
param-CAWL-0341,relative (by blood),0341,CAWL,core,,,,,,,,
param-CAWL-0342,ancestor,0342,CAWL,core,,,,,,,,
param-CAWL-0343,grandparent,0343,CAWL,core,,,,,,,,
param-CAWL-0344,father,0344,CAWL,core,,,,,,,,
param-CAWL-0345,mother,0345,CAWL,core,,,,,,,,
param-CAWL-0346,brother (elder/younger),0346,CAWL,core,,,,,,,,
param-CAWL-0347,sister (elder/younger),0347,CAWL,core,,,,,,,,
param-CAWL-0348,father's brother (uncle),0348,CAWL,core,,,,,,,,
param-CAWL-0349,mother's brother (uncle),0349,CAWL,core,,,,,,,,
param-CAWL-0350,mother's sister (aunt),0350,CAWL,core,,,,,,,,
param-CAWL-0351,father's sister (aunt),0351,CAWL,core,,,,,,,,
param-CAWL-0352,cousin,0352,CAWL,core,,,,,,,,
param-CAWL-0353,firstborn,0353,CAWL,core,,,,,,,,
param-CAWL-0354,descendant,0354,CAWL,core,,,,,,,,
param-CAWL-0355,son,0355,CAWL,core,,,,,,,,
param-CAWL-0356,daughter,0356,CAWL,core,,,,,,,,
param-CAWL-0357,grandchild,0357,CAWL,core,,,,,,,,
param-CAWL-0358,nephew,0358,CAWL,core,,,,,,,,
param-CAWL-0359,name,0359,CAWL,core,,,,,x,x,x,
param-CAWL-0360,namesake,0360,CAWL,core,,,,,,,,
param-CAWL-0361,"in-law, relative by marriage",0361,CAWL,core,,,,,,,,
param-CAWL-0362,husband,0362,CAWL,core,,,,,,,,
param-CAWL-0363,wife,0363,CAWL,core,,,,,,,,
param-CAWL-0364,"fellow-wife, co-wife",0364,CAWL,core,,,,,,,,
param-CAWL-0365,father-in-law,0365,CAWL,core,,,,,,,,
param-CAWL-0366,mother-in-law,0366,CAWL,core,,,,,,,,
param-CAWL-0367,brother-in-law,0367,CAWL,core,,,,,,,,
param-CAWL-0368,sister-in-law,0368,CAWL,core,,,,,,,,
param-CAWL-0369,son-in-law,0369,CAWL,core,,,,,,,,
param-CAWL-0370,daughter-in-law,0370,CAWL,core,,,,,,,,
param-CAWL-0371,widow,0371,CAWL,core,,,,,,,,
param-CAWL-0372,widower,0372,CAWL,core,,,,,,,,
param-CAWL-0373,orphan,0373,CAWL,core,,,,,,,,
param-CAWL-0374,fiancé (betrothed boyfriend),0374,CAWL,core,,,,,,,,
param-CAWL-0375,fiancée (betrothed girlfriend) fiancée,0375,CAWL,core,,,,,,,,
param-CAWL-0376,"bastard, illegitimate child",0376,CAWL,core,,,,,,,,
param-CAWL-0377,"tribe, ethnic group",0377,CAWL,core,,,,,,,,
param-CAWL-0378,clan,0378,CAWL,core,,,,,,,,
param-CAWL-0379,family,0379,CAWL,core,,,,,,,,
param-CAWL-0380,friend,0380,CAWL,core,,,,,,,,
param-CAWL-0381,neighbour,0381,CAWL,core,,,,,,,,
param-CAWL-0382,acquaintance,0382,CAWL,core,,,,,,,,
param-CAWL-0383,host,0383,CAWL,core,,,,,,,,
param-CAWL-0384,"guest, visitor",0384,CAWL,core,,,,,,,,
param-CAWL-0385,stranger (unknown person),0385,CAWL,core,,,,,,,,
param-CAWL-0386,enemy,0386,CAWL,core,,,,,,,,
param-CAWL-0387,traitor,0387,CAWL,core,,,,,,,,
param-CAWL-0388,thief,0388,CAWL,core,,,,,,,,
param-CAWL-0389,guide (n),0389,CAWL,core,,,,,,,,
param-CAWL-0390,messenger,0390,CAWL,core,,,,,,,,
param-CAWL-0391,crowd,0391,CAWL,core,,,,,,,,
param-CAWL-0392,"chief, headman",0392,CAWL,core,,,,,,,,
param-CAWL-0393,elder,0393,CAWL,core,,,,,,,,
param-CAWL-0394,master,0394,CAWL,core,,,,,,,,
param-CAWL-0395,slave,0395,CAWL,core,,,,,,,,
param-CAWL-0396,farmer,0396,CAWL,core,,,,,,,,
param-CAWL-0397,fisherman,0397,CAWL,core,,,,,,,,
param-CAWL-0398,hunter,0398,CAWL,core,,,,,,,,
param-CAWL-0399,blacksmith,0399,CAWL,core,,,,,,,,
param-CAWL-0400,potter,0400,CAWL,core,,,,,,,,
param-CAWL-0401,weaver,0401,CAWL,core,,,,,,,,
param-CAWL-0402,butcher (n),0402,CAWL,core,,,,,,,,
param-CAWL-0403,trader,0403,CAWL,core,,,,,,,,
param-CAWL-0404,(domestic) servant,0404,CAWL,core,,,,,,,,
param-CAWL-0405,beggar,0405,CAWL,core,,,,,,,,
param-CAWL-0406,soldier,0406,CAWL,core,,,,,,,,
param-CAWL-0407,prostitute,0407,CAWL,core,,,,,,,,
param-CAWL-0408,midwife,0408,CAWL,core,,,,,,,,
param-CAWL-0409,"medicine man, traditional",0409,CAWL,core,,,,,,,,
param-CAWL-0410,fetish priest,0410,CAWL,core,,,,,,,,
param-CAWL-0411,sorcerer (male),0411,CAWL,core,,,,,,,,
param-CAWL-0412,witch (female),0412,CAWL,core,,,,,,,,
param-CAWL-0413,"fortune-teller, diviner",0413,CAWL,core,,,,,,,,
param-CAWL-0414,"meet, encounter",0414,CAWL,core,,,,,,,,
param-CAWL-0415,accompany,0415,CAWL,core,,,,,,,,
param-CAWL-0416,(be) together,0416,CAWL,core,,,,,,,,
param-CAWL-0417,"assemble, meet together",0417,CAWL,core,,,,,,,,
param-CAWL-0418,invite,0418,CAWL,core,,,,,,,,
param-CAWL-0419,(be) alone,0419,CAWL,core,,,,,,,,
param-CAWL-0420,abandon,0420,CAWL,core,,,,,,,,
param-CAWL-0421,"flee, run away from",0421,CAWL,core,,,,,,,,
param-CAWL-0422,drive away,0422,CAWL,core,,,,,,,,
param-CAWL-0423,avoid,0423,CAWL,core,,,,,,,,
param-CAWL-0424,(be) same,0424,CAWL,core,,,,,,,,
param-CAWL-0425,(be) different,0425,CAWL,core,,,,,,,,
param-CAWL-0426,resemble,0426,CAWL,core,,,,,,,,
param-CAWL-0427,imitate,0427,CAWL,core,,,,,,,,
param-CAWL-0428,admire,0428,CAWL,core,,,,,,,,
param-CAWL-0429,"befit, suit",0429,CAWL,core,,,,,,,,
param-CAWL-0430,language,0430,CAWL,core,,,,,,,,
param-CAWL-0431,word,0431,CAWL,core,,,,,,,,
param-CAWL-0432,meaning (n),0432,CAWL,core,,,,,,,,
param-CAWL-0433,say,0433,CAWL,core,,,,,x,x,,
param-CAWL-0434,voice,0434,CAWL,core,,,,,,,,
param-CAWL-0435,"speak, talk",0435,CAWL,core,,,,,,,,
param-CAWL-0436,whisper (v),0436,CAWL,core,,,,,,,,
param-CAWL-0437,"shout (v), cry out",0437,CAWL,core,,,,,,,,
param-CAWL-0438,chat (v),0438,CAWL,core,,,,,,,,
param-CAWL-0439,mumble,0439,CAWL,core,,,,,,,,
param-CAWL-0440,stutter,0440,CAWL,core,,,,,,,,
param-CAWL-0441,(be) eloquent,0441,CAWL,core,,,,,,,,
param-CAWL-0442,(be) silent,0442,CAWL,core,,,,,,,,
param-CAWL-0443,greet (v.),0443,CAWL,core,,,,,,,,
param-CAWL-0444,call (someone),0444,CAWL,core,,,,,,,,
param-CAWL-0445,"say goodbye, take leave of",0445,CAWL,core,,,,,,,,
param-CAWL-0446,announce,0446,CAWL,core,,,,,,,,
param-CAWL-0447,announcement,0447,CAWL,core,,,,,,,,
param-CAWL-0448,news,0448,CAWL,core,,,,,,,,
param-CAWL-0449,explain,0449,CAWL,core,,,,,,,,
param-CAWL-0450,advise,0450,CAWL,core,,,,,,,,
param-CAWL-0451,gossip (v),0451,CAWL,core,,,,,,,,
param-CAWL-0452,lie (n) (falsehood),0452,CAWL,core,,,,,x,x,x,
param-CAWL-0453,"ask, request",0453,CAWL,core,,,,,,,,
param-CAWL-0454,"plead, implore",0454,CAWL,core,,,,,,,,
param-CAWL-0455,request (n),0455,CAWL,core,,,,,,,,
param-CAWL-0456,"answer, reply (v)",0456,CAWL,core,,,,,,,,
param-CAWL-0457,thank,0457,CAWL,core,,,,,,,,
param-CAWL-0458,promise (n),0458,CAWL,core,,,,,,,,
param-CAWL-0459,oath,0459,CAWL,core,,,,,,,,
param-CAWL-0460,swear,0460,CAWL,core,,,,,,,,
param-CAWL-0461,insult (v),0461,CAWL,core,,,,,,,,
param-CAWL-0462,insult (n),0462,CAWL,core,,,,,,,,
param-CAWL-0463,slander (v),0463,CAWL,core,,,,,,,,
param-CAWL-0464,threaten,0464,CAWL,core,,,,,,,,
param-CAWL-0465,argue,0465,CAWL,core,,,,,,,,
param-CAWL-0466,argument,0466,CAWL,core,,,,,,,,
param-CAWL-0467,"grumble, complain",0467,CAWL,core,,,,,,,,
param-CAWL-0468,contradict,0468,CAWL,core,,,,,,,,
param-CAWL-0469,accuse,0469,CAWL,core,,,,,,,,
param-CAWL-0470,deny,0470,CAWL,core,,,,,,,,
param-CAWL-0471,admit (to a wrong),0471,CAWL,core,,,,,,,,
param-CAWL-0472,agree,0472,CAWL,core,,,,,,,,
param-CAWL-0473,agreement,0473,CAWL,core,,,,,,,,
param-CAWL-0474,persuade,0474,CAWL,core,,,,,,,,
param-CAWL-0475,praise (n),0475,CAWL,core,,,,,,,,
param-CAWL-0476,"bless, praise (someone)",0476,CAWL,core,,,,,,,,
param-CAWL-0477,congratulate,0477,CAWL,core,,,,,,,,
param-CAWL-0478,"boast, brag",0478,CAWL,core,,,,,,,,
param-CAWL-0479,"tell, recount (story)",0479,CAWL,core,,,,,,,,
param-CAWL-0480,story (tale),0480,CAWL,core,,,,,,,,
param-CAWL-0481,proverb,0481,CAWL,core,,,,,,,,
param-CAWL-0482,"speech, discourse",0482,CAWL,core,,,,,,,,
param-CAWL-0483,account (report) (n),0483,CAWL,core,,,,,,,,
param-CAWL-0484,"embrace, hug (v)",0484,CAWL,core,,,,,,,,
param-CAWL-0485,caress (v),0485,CAWL,core,,,,,,,,
param-CAWL-0486,kiss (v),0486,CAWL,core,,,,,,,,
param-CAWL-0487,"copulate, have sexual",0487,CAWL,core,,,,,,,,
param-CAWL-0488,"nurse, suckle (baby) (tr)",0488,CAWL,core,,,,,,,,
param-CAWL-0489,tickle (v),0489,CAWL,core,,,,,,,,
param-CAWL-0490,spank (child),0490,CAWL,core,,,,,,,,
param-CAWL-0491,whip (n),0491,CAWL,core,,,,,,,,
param-CAWL-0492,help,0492,CAWL,core,,,,,,,,
param-CAWL-0493,"protect, defend",0493,CAWL,core,,,,,,,,
param-CAWL-0494,look after,0494,CAWL,core,,,,,,,,
param-CAWL-0495,bring up (a child),0495,CAWL,core,,,,,,,,
param-CAWL-0496,"rule over, dominate",0496,CAWL,core,,,,,,,,
param-CAWL-0497,order (someone to do,0497,CAWL,core,,,,,,,,
param-CAWL-0498,command (n),0498,CAWL,core,,,,,,,,
param-CAWL-0499,"duty, obligation",0499,CAWL,core,,,,,,,,
param-CAWL-0500,send (someone to do something) envoyer en commission,0500,CAWL,core,,,,,,,,
param-CAWL-0501,serve,0501,CAWL,core,,,,,,,,
param-CAWL-0502,"lead, guide (v)",0502,CAWL,core,,,,,,,,
param-CAWL-0503,follow,0503,CAWL,core,,,,,,,,
param-CAWL-0504,obey,0504,CAWL,core,,,,,,,,
param-CAWL-0505,"please, satisfy",0505,CAWL,core,,,,,,,,
param-CAWL-0506,"annoy, disturb",0506,CAWL,core,,,,,,,,
param-CAWL-0507,deceive,0507,CAWL,core,,,,,,,,
param-CAWL-0508,quarrel,0508,CAWL,core,,,,,,,,
param-CAWL-0509,fight,0509,CAWL,core,,,,,,,,
param-CAWL-0510,stab,0510,CAWL,core,,,,,,,,
param-CAWL-0511,"kill, murder",0511,CAWL,core,,,,,x,x,,
param-CAWL-0512,take revenge,0512,CAWL,core,,,,,,,,
param-CAWL-0513,"resolve, settle (dispute)",0513,CAWL,core,,,,,,,,
param-CAWL-0514,"intercede, mediate",0514,CAWL,core,,,,,,,,
param-CAWL-0515,compromise,0515,CAWL,core,,,,,,,,
param-CAWL-0516,"appease, pacify",0516,CAWL,core,,,,,,,,
param-CAWL-0517,steal,0517,CAWL,core,,,,,,,,
param-CAWL-0518,rape,0518,CAWL,core,,,,,,,,
param-CAWL-0519,judge (v),0519,CAWL,core,,,,,,,,
param-CAWL-0520,law,0520,CAWL,core,,,,,,,,
param-CAWL-0521,"(be) fair, just",0521,CAWL,core,,,,,,,,
param-CAWL-0522,(be) guilty,0522,CAWL,core,,,,,,,,
param-CAWL-0523,(be) innocent,0523,CAWL,core,,,,,,,,
param-CAWL-0524,punish,0524,CAWL,core,,,,,,,,
param-CAWL-0525,"penalty, punishment",0525,CAWL,core,,,,,,,,
param-CAWL-0526,"dwell, inhabit",0526,CAWL,core,,,,,,,,
param-CAWL-0527,"inhabitant, resident",0527,CAWL,core,,,,,,,,
param-CAWL-0528,bush dweller,0528,CAWL,core,,,,,,,,
param-CAWL-0529,"move away, migrate",0529,CAWL,core,,,,,,,,
param-CAWL-0530,"country, ethnic area",0530,CAWL,core,,,,,,,,
param-CAWL-0531,frontier (of ethnic area),0531,CAWL,core,,,,,,,,
param-CAWL-0532,"town, city",0532,CAWL,core,,,,,,,,
param-CAWL-0533,village,0533,CAWL,core,,,,,,,,
param-CAWL-0534,"camp, encampment",0534,CAWL,core,,,,,,,,
param-CAWL-0535,market (n),0535,CAWL,core,,,,,,,,
param-CAWL-0536,"article of clothing, clothes",0536,CAWL,core,,,,,,,,
param-CAWL-0537,wear clothes,0537,CAWL,core,,,,,,,,
param-CAWL-0538,dress (v),0538,CAWL,core,,,,,,,,
param-CAWL-0539,undress,0539,CAWL,core,,,,,,,,
param-CAWL-0540,(be) naked,0540,CAWL,core,,,,,,,,
param-CAWL-0541,hat,0541,CAWL,core,,,,,,,,
param-CAWL-0542,shirt,0542,CAWL,core,,,,,,,,
param-CAWL-0543,trousers,0543,CAWL,core,,,,,,,,
param-CAWL-0544,loincloth,0544,CAWL,core,,,,,,,,
param-CAWL-0545,robe (man's gown),0545,CAWL,core,,,,,,,,
param-CAWL-0546,cloth worn by a woman,0546,CAWL,core,,,,,,,,
param-CAWL-0547,baby sling,0547,CAWL,core,,,,,,,,
param-CAWL-0548,"shoe, sandal",0548,CAWL,core,,,,,,,,
param-CAWL-0549,bead,0549,CAWL,core,,,,,,,,
param-CAWL-0550,"string, thread (beads) (v)",0550,CAWL,core,,,,,,,,
param-CAWL-0551,bracelet,0551,CAWL,core,,,,,,,,
param-CAWL-0552,necklace,0552,CAWL,core,,,,,,,,
param-CAWL-0553,"ankle ring, bangle",0553,CAWL,core,,,,,,,,
param-CAWL-0554,ring (finger),0554,CAWL,core,,,,,,,,
param-CAWL-0555,earring,0555,CAWL,core,,,,,,,,
param-CAWL-0556,pierce (ears),0556,CAWL,core,,,,,,,,
param-CAWL-0557,"labret, lip plug, lip disk",0557,CAWL,core,,,,,,,,
param-CAWL-0558,"plait, braid (hair)",0558,CAWL,core,,,,,,,,
param-CAWL-0559,"(facial) incision(s),",0559,CAWL,core,,,,,,,,
param-CAWL-0560,"cane, walking stick",0560,CAWL,core,,,,,,,,
param-CAWL-0561,"bathe, wash oneself",0561,CAWL,core,,,,,,,,
param-CAWL-0562,"apply (ointment), besmear",0562,CAWL,core,,,,,,,,
param-CAWL-0563,wipe off (excreta),0563,CAWL,core,,,,,,,,
param-CAWL-0564,cut (hair),0564,CAWL,core,,,,,,,,
param-CAWL-0565,shave (v),0565,CAWL,core,,,,,,,,
param-CAWL-0566,razor,0566,CAWL,core,,,,,,,,
param-CAWL-0567,comb (n),0567,CAWL,core,,,,,,,,
param-CAWL-0568,"tooth stick, toothbrush",0568,CAWL,core,,,,,,,,
param-CAWL-0569,food,0569,CAWL,core,,,,,,,,
param-CAWL-0570,meat,0570,CAWL,core,,,,,x,x,x,
param-CAWL-0571,fat,0571,CAWL,core,,,,,x,x,,
param-CAWL-0572,oil,0572,CAWL,core,,,,,,,,
param-CAWL-0573,"soup, broth",0573,CAWL,core,,,,,,,,
param-CAWL-0574,"pap, mushy food",0574,CAWL,core,,,,,,,,
param-CAWL-0575,bread,0575,CAWL,core,,,,,,,,
param-CAWL-0576,crust (n),0576,CAWL,core,,,,,,,,
param-CAWL-0577,flour,0577,CAWL,core,,,,,,,,
param-CAWL-0578,salt,0578,CAWL,core,,,,,,,x,
param-CAWL-0579,breakfast,0579,CAWL,core,,,,,,,,
param-CAWL-0580,evening meal,0580,CAWL,core,,,,,,,,
param-CAWL-0581,feast,0581,CAWL,core,,,,,,,,
param-CAWL-0582,leftovers,0582,CAWL,core,,,,,,,,
param-CAWL-0583,spoil (food) (intr),0583,CAWL,core,,,,,,,,
param-CAWL-0584,mould (n),0584,CAWL,core,,,,,,,,
param-CAWL-0585,milk (n),0585,CAWL,core,,,,,,,,
param-CAWL-0586,curdled milk,0586,CAWL,core,,,,,,,,
param-CAWL-0587,alcohol (general),0587,CAWL,core,,,,,,,,
param-CAWL-0588,beer (traditional),0588,CAWL,core,,,,,,,,
param-CAWL-0589,"mead, honey beer",0589,CAWL,core,,,,,,,,
param-CAWL-0590,palm wine,0590,CAWL,core,,,,,,,,
param-CAWL-0591,prepare (food to cook),0591,CAWL,core,,,,,,,,
param-CAWL-0592,cut (tr),0592,CAWL,core,,,,,,,,
param-CAWL-0593,cut open (fruit),0593,CAWL,core,,,,,,,,
param-CAWL-0594,slice,0594,CAWL,core,,,,,,,,
param-CAWL-0595,peel (v),0595,CAWL,core,,,,,,,,
param-CAWL-0596,mix (v),0596,CAWL,core,,,,,,,,
param-CAWL-0597,stir,0597,CAWL,core,,,,,,,,
param-CAWL-0598,strain (food) (v),0598,CAWL,core,,,,,,,,
param-CAWL-0599,pound,0599,CAWL,core,,,,,,,,
param-CAWL-0600,grind,0600,CAWL,core,,,,,,,,
param-CAWL-0601,knead,0601,CAWL,core,,,,,,,,
param-CAWL-0602,pluck (feathers),0602,CAWL,core,,,,,,,,
param-CAWL-0603,cook (v),0603,CAWL,core,,,,,,,,
param-CAWL-0604,roast,0604,CAWL,core,,,,,,,,
param-CAWL-0605,fry,0605,CAWL,core,,,,,,,,
param-CAWL-0606,bake (in ashes),0606,CAWL,core,,,,,,,,
param-CAWL-0607,(be) smoked,0607,CAWL,core,,,,,,,,
param-CAWL-0608,"boil (water), bubble up",0608,CAWL,core,,,,,,,,
param-CAWL-0609,ferment (alcohol) (v),0609,CAWL,core,,,,,,,,
param-CAWL-0610,cooking pot (earthenware),0610,CAWL,core,,,,,,,,
param-CAWL-0611,metal pot,0611,CAWL,core,,,,,,,,
param-CAWL-0612,pot (for water),0612,CAWL,core,,,,,,,,
param-CAWL-0613,ladle,0613,CAWL,core,,,,,,,,
param-CAWL-0614,cooking stone,0614,CAWL,core,,,,,,,,
param-CAWL-0615,grinding stone,0615,CAWL,core,,,,,,,,
param-CAWL-0616,upper grinding stone,0616,CAWL,core,,,,,,,,
param-CAWL-0617,lower grinding stone,0617,CAWL,core,,,,,,,,
param-CAWL-0618,"pestle, pounding stick",0618,CAWL,core,,,,,,,,
param-CAWL-0619,"mortar, pounding pot",0619,CAWL,core,,,,,,,,
param-CAWL-0620,plate,0620,CAWL,core,,,,,,,,
param-CAWL-0621,bowl,0621,CAWL,core,,,,,,,,
param-CAWL-0622,cup,0622,CAWL,core,,,,,,,,
param-CAWL-0623,spoon (traditional),0623,CAWL,core,,,,,,,,
param-CAWL-0624,bag,0624,CAWL,core,,,,,,,,
param-CAWL-0625,box,0625,CAWL,core,,,,,,,,
param-CAWL-0626,basket,0626,CAWL,core,,,,,,,,
param-CAWL-0627,"bucket, pail",0627,CAWL,core,,,,,,,,
param-CAWL-0628,calabash,0628,CAWL,core,,,,,,,,
param-CAWL-0629,bottle,0629,CAWL,core,,,,,,,,
param-CAWL-0630,"stopper, plug",0630,CAWL,core,,,,,,,,
param-CAWL-0631,handle,0631,CAWL,core,,,,,,,,
param-CAWL-0632,pour,0632,CAWL,core,,,,,,,,
param-CAWL-0633,spill (liquid) (tr),0633,CAWL,core,,,,,,,,
param-CAWL-0634,take out (from container),0634,CAWL,core,,,,,,,,
param-CAWL-0635,fill,0635,CAWL,core,,,,,,,,
param-CAWL-0636,(be) full,0636,CAWL,core,,,,,,,,
param-CAWL-0637,(be) empty,0637,CAWL,core,,,,,,,,
param-CAWL-0638,(be) open,0638,CAWL,core,,,,,,,,
param-CAWL-0639,open (tr),0639,CAWL,core,,,,,,,,
param-CAWL-0640,"close, shut (tr)",0640,CAWL,core,,,,,,,,
param-CAWL-0641,stop up,0641,CAWL,core,,,,,,,,
param-CAWL-0642,cover (v),0642,CAWL,core,,,,,,,,
param-CAWL-0643,uncover,0643,CAWL,core,,,,,,,,
param-CAWL-0644,store (up),0644,CAWL,core,,,,,,,,
param-CAWL-0645,bundle (n),0645,CAWL,core,,,,,,,,
param-CAWL-0646,heap (n),0646,CAWL,core,,,,,,,,
param-CAWL-0647,heap up,0647,CAWL,core,,,,,,,,
param-CAWL-0648,wrap up,0648,CAWL,core,,,,,,,,
param-CAWL-0649,unwrap,0649,CAWL,core,,,,,,,,
param-CAWL-0650,pack (v),0650,CAWL,core,,,,,,,,
param-CAWL-0651,strap (n),0651,CAWL,core,,,,,,,,
param-CAWL-0652,string (n),0652,CAWL,core,,,,,,,,
param-CAWL-0653,rope,0653,CAWL,core,,,,,,,x,
param-CAWL-0654,knot,0654,CAWL,core,,,,,,,,
param-CAWL-0655,"fasten, bind (load)",0655,CAWL,core,,,,,,,,
param-CAWL-0656,tie (knot),0656,CAWL,core,,,,,,,,
param-CAWL-0657,untie,0657,CAWL,core,,,,,,,,
param-CAWL-0658,tighten (tr),0658,CAWL,core,,,,,,,,
param-CAWL-0659,(be) tight,0659,CAWL,core,,,,,,,,
param-CAWL-0660,loosen,0660,CAWL,core,,,,,,,,
param-CAWL-0661,"(be) loose, slack",0661,CAWL,core,,,,,,,,
param-CAWL-0662,"compound, house",0662,CAWL,core,,,,,,,,
param-CAWL-0663,hut,0663,CAWL,core,,,,,,,,
param-CAWL-0664,wall,0664,CAWL,core,,,,,,,,
param-CAWL-0665,"door, doorway cover",0665,CAWL,core,,,,,,,,
param-CAWL-0666,doorway,0666,CAWL,core,,,,,,,,
param-CAWL-0667,window,0667,CAWL,core,,,,,,,,
param-CAWL-0668,roof,0668,CAWL,core,,,,,,,,
param-CAWL-0669,"beam, rafter",0669,CAWL,core,,,,,,,,
param-CAWL-0670,floor,0670,CAWL,core,,,,,,,,
param-CAWL-0671,room,0671,CAWL,core,,,,,,,,
param-CAWL-0672,bedroom,0672,CAWL,core,,,,,,,,
param-CAWL-0673,kitchen,0673,CAWL,core,,,,,,,,
param-CAWL-0674,entrance hut,0674,CAWL,core,,,,,,,,
param-CAWL-0675,courtyard,0675,CAWL,core,,,,,,,,
param-CAWL-0676,fence (n),0676,CAWL,core,,,,,,,,
param-CAWL-0677,fence in (v),0677,CAWL,core,,,,,,,,
param-CAWL-0678,granary,0678,CAWL,core,,,,,,,,
param-CAWL-0679,well (n),0679,CAWL,core,,,,,,,,
param-CAWL-0680,bathing place,0680,CAWL,core,,,,,,,,
param-CAWL-0681,"latrine, toilet",0681,CAWL,core,,,,,,,,
param-CAWL-0682,garbage dump,0682,CAWL,core,,,,,,,,
param-CAWL-0683,garden,0683,CAWL,core,,,,,,,,
param-CAWL-0684,shelter (n),0684,CAWL,core,,,,,,,,
param-CAWL-0685,build,0685,CAWL,core,,,,,,,,
param-CAWL-0686,"mark out, peg out (ground)",0686,CAWL,core,,,,,,,,
param-CAWL-0687,mud block,0687,CAWL,core,,,,,,,,
param-CAWL-0688,thatch (n),0688,CAWL,core,,,,,,,,
param-CAWL-0689,plaster (n),0689,CAWL,core,,,,,,,,
param-CAWL-0690,"lime, whitewash",0690,CAWL,core,,,,,,,,
param-CAWL-0691,paint (n),0691,CAWL,core,,,,,,,,
param-CAWL-0692,ladder,0692,CAWL,core,,,,,,,,
param-CAWL-0693,chair,0693,CAWL,core,,,,,,,,
param-CAWL-0694,stool,0694,CAWL,core,,,,,,,,
param-CAWL-0695,wickerwork,0695,CAWL,core,,,,,,,,
param-CAWL-0696,bed,0696,CAWL,core,,,,,,,,
param-CAWL-0697,mat,0697,CAWL,core,,,,,,,,
param-CAWL-0698,"lamp, torch",0698,CAWL,core,,,,,,,,
param-CAWL-0699,fan (n),0699,CAWL,core,,,,,,,,
param-CAWL-0700,bell,0700,CAWL,core,,,,,,,,
param-CAWL-0701,ring (bell) (v),0701,CAWL,core,,,,,,,,
param-CAWL-0702,"act, do",0702,CAWL,core,,,,,,,,
param-CAWL-0703,work (n),0703,CAWL,core,,,,,,,,
param-CAWL-0704,"mend, repair",0704,CAWL,core,,,,,,,,
param-CAWL-0705,forge (n),0705,CAWL,core,,,,,,,,
param-CAWL-0706,hammer,0706,CAWL,core,,,,,,,,
param-CAWL-0707,anvil,0707,CAWL,core,,,,,,,,
param-CAWL-0708,bellows,0708,CAWL,core,,,,,,,,
param-CAWL-0709,"lump (clay, mud)",0709,CAWL,core,,,,,,,,
param-CAWL-0710,mould (pottery),0710,CAWL,core,,,,,,,,
param-CAWL-0711,potter's kiln,0711,CAWL,core,,,,,,,,
param-CAWL-0712,wood,0712,CAWL,core,,,,,,,,
param-CAWL-0713,cut down (tree),0713,CAWL,core,,,,,,,,
param-CAWL-0714,log,0714,CAWL,core,,,,,,,,
param-CAWL-0715,hollow out (log),0715,CAWL,core,,,,,,,,
param-CAWL-0716,axe,0716,CAWL,core,,,,,,,,
param-CAWL-0717,chop into pieces,0717,CAWL,core,,,,,,,,
param-CAWL-0718,saw (n),0718,CAWL,core,,,,,,,,
param-CAWL-0719,saw (wood) (v),0719,CAWL,core,,,,,,,,
param-CAWL-0720,plank (n),0720,CAWL,core,,,,,,,,
param-CAWL-0721,knot (in wood),0721,CAWL,core,,,,,,,,
param-CAWL-0722,"splinter, sliver (n)",0722,CAWL,core,,,,,,,,
param-CAWL-0723,chisel (n),0723,CAWL,core,,,,,,,,
param-CAWL-0724,nail (n),0724,CAWL,core,,,,,,,,
param-CAWL-0725,sew,0725,CAWL,core,,,,,,,,
param-CAWL-0726,needle,0726,CAWL,core,,,,,,,,
param-CAWL-0727,thread (n),0727,CAWL,core,,,,,,,,
param-CAWL-0728,hem (n),0728,CAWL,core,,,,,,,,
param-CAWL-0729,pocket,0729,CAWL,core,,,,,,,,
param-CAWL-0730,(be) torn,0730,CAWL,core,,,,,,,,
param-CAWL-0731,weave,0731,CAWL,core,,,,,,,,
param-CAWL-0732,cloth,0732,CAWL,core,,,,,,,,
param-CAWL-0733,rag,0733,CAWL,core,,,,,,,,
param-CAWL-0734,broom,0734,CAWL,core,,,,,,,,
param-CAWL-0735,sweep,0735,CAWL,core,,,,,,,,
param-CAWL-0736,polish,0736,CAWL,core,,,,,,,,
param-CAWL-0737,"wash (clothes, utensils)",0737,CAWL,core,,,,,,,,
param-CAWL-0738,draw water,0738,CAWL,core,,,,,,,,
param-CAWL-0739,fetch (firewood),0739,CAWL,core,,,,,,,,
param-CAWL-0740,dig,0740,CAWL,core,,,,,,,,
param-CAWL-0741,rubbish,0741,CAWL,core,,,,,,,,
param-CAWL-0742,"cultivate, farm (v)",0742,CAWL,core,,,,,,,,
param-CAWL-0743,field,0743,CAWL,core,,,,,,,,
param-CAWL-0744,boundary (of field),0744,CAWL,core,,,,,,,,
param-CAWL-0745,fertile soil,0745,CAWL,core,,,,,,,,
param-CAWL-0746,(be) barren (of land),0746,CAWL,core,,,,,,,,
param-CAWL-0747,clear (land for planting),0747,CAWL,core,,,,,,,,
param-CAWL-0748,"sow, plant",0748,CAWL,core,,,,,,,,
param-CAWL-0749,transplant,0749,CAWL,core,,,,,,,,
param-CAWL-0750,weed (v),0750,CAWL,core,,,,,,,,
param-CAWL-0751,hoe (v),0751,CAWL,core,,,,,,,,
param-CAWL-0752,hoe (n),0752,CAWL,core,,,,,,,,
param-CAWL-0753,big hoe,0753,CAWL,core,,,,,,,,
param-CAWL-0754,sickle,0754,CAWL,core,,,,,,,,
param-CAWL-0755,"machete, cutlass",0755,CAWL,core,,,,,,,,
param-CAWL-0756,harvest season,0756,CAWL,core,,,,,,,,
param-CAWL-0757,harvest (maize) (v),0757,CAWL,core,,,,,,,,
param-CAWL-0758,"harvest, dig up (yams)",0758,CAWL,core,,,,,,,,
param-CAWL-0759,"pick, pluck (fruit)",0759,CAWL,core,,,,,,,,
param-CAWL-0760,"harvest, collect (honey from",0760,CAWL,core,,,,,,,,
param-CAWL-0761,threshing-floor,0761,CAWL,core,,,,,,,,
param-CAWL-0762,"thresh, beat (grain)",0762,CAWL,core,,,,,,,,
param-CAWL-0763,winnow (n),0763,CAWL,core,,,,,,,,
param-CAWL-0764,"winnow, throw in air (grain)",0764,CAWL,core,,,,,,,,
param-CAWL-0765,shell (groundnuts) (v),0765,CAWL,core,,,,,,,,
param-CAWL-0766,husk (corn) (v),0766,CAWL,core,,,,,,,,
param-CAWL-0767,"domesticate, tame",0767,CAWL,core,,,,,,,,
param-CAWL-0768,"herd (cattle, sheep) (n)",0768,CAWL,core,,,,,,,,
param-CAWL-0769,"herd, tend (cattle, sheep) (v) mener, conduire (troupeau)",0769,CAWL,core,,,,,,,,
param-CAWL-0770,cattle pen,0770,CAWL,core,,,,,,,,
param-CAWL-0771,"tether (sheep, goats) (v)",0771,CAWL,core,,,,,,,,
param-CAWL-0772,feed (animals),0772,CAWL,core,,,,,,,,
param-CAWL-0773,"milk (cows, goats) (v)",0773,CAWL,core,,,,,,,,
param-CAWL-0774,castrate,0774,CAWL,core,,,,,,,,
param-CAWL-0775,hunt (v),0775,CAWL,core,,,,,,,,
param-CAWL-0776,stalk (v),0776,CAWL,core,,,,,,,,
param-CAWL-0777,chase (v),0777,CAWL,core,,,,,,,,
param-CAWL-0778,track (animal) (n),0778,CAWL,core,,,,,,,,
param-CAWL-0779,footprint (human),0779,CAWL,core,,,,,,,,
param-CAWL-0780,bow (hunting),0780,CAWL,core,,,,,,,,
param-CAWL-0781,arrow,0781,CAWL,core,,,,,,,,
param-CAWL-0782,poison (on arrow),0782,CAWL,core,,,,,,,,
param-CAWL-0783,head of arrow,0783,CAWL,core,,,,,,,,
param-CAWL-0784,quiver (n),0784,CAWL,core,,,,,,,,
param-CAWL-0785,lance (spear) (n),0785,CAWL,core,,,,,,,,
param-CAWL-0786,knife,0786,CAWL,core,,,,,,,,
param-CAWL-0787,"throwing stick (n), throwing",0787,CAWL,core,,,,,,,,
param-CAWL-0788,"club, cudgel",0788,CAWL,core,,,,,,,,
param-CAWL-0789,hunting net,0789,CAWL,core,,,,,,,,
param-CAWL-0790,birdlime (adhesive to catch,0790,CAWL,core,,,,,,,,
param-CAWL-0791,trap (n),0791,CAWL,core,,,,,,,,
param-CAWL-0792,set (trap),0792,CAWL,core,,,,,,,,
param-CAWL-0793,trap (animal) (v),0793,CAWL,core,,,,,,,,
param-CAWL-0794,evade,0794,CAWL,core,,,,,,,,
param-CAWL-0795,escape,0795,CAWL,core,,,,,,,,
param-CAWL-0796,wound (animal),0796,CAWL,core,,,,,,,,
param-CAWL-0797,"slaughter, kill (animal for",0797,CAWL,core,,,,,,,,
param-CAWL-0798,skin (animal) (v),0798,CAWL,core,,,,,x,x,x,
param-CAWL-0799,fish (v),0799,CAWL,core,,,,,x,x,x,
param-CAWL-0800,fish dam,0800,CAWL,core,,,,,,,,
param-CAWL-0801,fish trap,0801,CAWL,core,,,,,,,,
param-CAWL-0802,fishing net,0802,CAWL,core,,,,,,,,
param-CAWL-0803,fishing line,0803,CAWL,core,,,,,,,,
param-CAWL-0804,fishhook,0804,CAWL,core,,,,,,,,
param-CAWL-0805,bait,0805,CAWL,core,,,,,,,,
param-CAWL-0806,"have, possess",0806,CAWL,core,,,,,,,,
param-CAWL-0807,need (v),0807,CAWL,core,,,,,,,,
param-CAWL-0808,"get, obtain",0808,CAWL,core,,,,,,,,
param-CAWL-0809,give,0809,CAWL,core,,,,,x,x,,
param-CAWL-0810,"return (tr), give back",0810,CAWL,core,,,,,,,,
param-CAWL-0811,belongings,0811,CAWL,core,,,,,,,,
param-CAWL-0812,owner,0812,CAWL,core,,,,,,,,
param-CAWL-0813,rich man,0813,CAWL,core,,,,,,,,
param-CAWL-0814,poor man,0814,CAWL,core,,,,,,,,
param-CAWL-0815,(be) rich,0815,CAWL,core,,,,,,,,
param-CAWL-0816,(be) poor,0816,CAWL,core,,,,,,,,
param-CAWL-0817,money,0817,CAWL,core,,,,,,,,
param-CAWL-0818,cowrie shell,0818,CAWL,core,,,,,,,,
param-CAWL-0819,"barter, exchange (of goods)",0819,CAWL,core,,,,,,,,
param-CAWL-0820,buy,0820,CAWL,core,,,,,,,,
param-CAWL-0821,sell,0821,CAWL,core,,,,,,,,
param-CAWL-0822,(be) scarce,0822,CAWL,core,,,,,,,,
param-CAWL-0823,(be) expensive,0823,CAWL,core,,,,,,,,
param-CAWL-0824,(be) inexpensive,0824,CAWL,core,,,,,,,,
param-CAWL-0825,price,0825,CAWL,core,,,,,,,,
param-CAWL-0826,"haggle, negotiate a price",0826,CAWL,core,,,,,,,,
param-CAWL-0827,payment,0827,CAWL,core,,,,,,,,
param-CAWL-0828,"pay (for goods, services,",0828,CAWL,core,,,,,,,,
param-CAWL-0829,gift,0829,CAWL,core,,,,,,,,
param-CAWL-0830,hire (v),0830,CAWL,core,,,,,,,,
param-CAWL-0831,beg (for money),0831,CAWL,core,,,,,,,,
param-CAWL-0832,borrow,0832,CAWL,core,,,,,,,,
param-CAWL-0833,lend,0833,CAWL,core,,,,,,,,
param-CAWL-0834,debt,0834,CAWL,core,,,,,,,,
param-CAWL-0835,offer (v),0835,CAWL,core,,,,,,,,
param-CAWL-0836,"accept, receive",0836,CAWL,core,,,,,,,,
param-CAWL-0837,refuse,0837,CAWL,core,,,,,,,,
param-CAWL-0838,tax (n),0838,CAWL,core,,,,,,,,
param-CAWL-0839,tribute,0839,CAWL,core,,,,,,,,
param-CAWL-0840,inheritance,0840,CAWL,core,,,,,,,,
param-CAWL-0841,inherit,0841,CAWL,core,,,,,,,,
param-CAWL-0842,"journey, trip (n)",0842,CAWL,core,,,,,,,,
param-CAWL-0843,"travel, go on a trip (v)",0843,CAWL,core,,,,,,,,
param-CAWL-0844,traveler,0844,CAWL,core,,,,,,,,
param-CAWL-0845,wander,0845,CAWL,core,,,,,,,,
param-CAWL-0846,(be) lost,0846,CAWL,core,,,,,,,,
param-CAWL-0847,"path, road",0847,CAWL,core,,,,,,,x,
param-CAWL-0848,fork (in path),0848,CAWL,core,,,,,,,,
param-CAWL-0849,"crossroads, intersection",0849,CAWL,core,,,,,,,,
param-CAWL-0850,cross (river),0850,CAWL,core,,,,,,,,
param-CAWL-0851,canoe,0851,CAWL,core,,,,,,,,
param-CAWL-0852,paddle (n),0852,CAWL,core,,,,,,,,
param-CAWL-0853,paddle (v),0853,CAWL,core,,,,,,,,
param-CAWL-0854,"bale out (canoe, boat)",0854,CAWL,core,,,,,,,,
param-CAWL-0855,capsize,0855,CAWL,core,,,,,,,,
param-CAWL-0856,bring,0856,CAWL,core,,,,,,,,
param-CAWL-0857,"take (away), carry away",0857,CAWL,core,,,,,,,,
param-CAWL-0858,send (something to someone),0858,CAWL,core,,,,,,,,
param-CAWL-0859,carry (in arms),0859,CAWL,core,,,,,,,,
param-CAWL-0860,carry (child) on back,0860,CAWL,core,,,,,,,,
param-CAWL-0861,carry on head,0861,CAWL,core,,,,,,,,
param-CAWL-0862,headpad,0862,CAWL,core,,,,,,,,
param-CAWL-0863,"load, burden (n)",0863,CAWL,core,,,,,,,,
param-CAWL-0864,load (v),0864,CAWL,core,,,,,,,,
param-CAWL-0865,unload,0865,CAWL,core,,,,,,,,
param-CAWL-0866,war,0866,CAWL,core,,,,,,,,
param-CAWL-0867,peace,0867,CAWL,core,,,,,,,,
param-CAWL-0868,army,0868,CAWL,core,,,,,,,,
param-CAWL-0869,spy (n),0869,CAWL,core,,,,,,,,
param-CAWL-0870,"spy (v), spy on",0870,CAWL,core,,,,,,,,
param-CAWL-0871,sword,0871,CAWL,core,,,,,,,,
param-CAWL-0872,gun,0872,CAWL,core,,,,,,,,
param-CAWL-0873,shield (n),0873,CAWL,core,,,,,,,,
param-CAWL-0874,"conquer, defeat",0874,CAWL,core,,,,,,,,
param-CAWL-0875,(be) defeated,0875,CAWL,core,,,,,,,,
param-CAWL-0876,"prisoner, captive",0876,CAWL,core,,,,,,,,
param-CAWL-0877,plunder (a town),0877,CAWL,core,,,,,,,,
param-CAWL-0878,music,0878,CAWL,core,,,,,,,,
param-CAWL-0879,song,0879,CAWL,core,,,,,,,,
param-CAWL-0880,sing,0880,CAWL,core,,,,,,,,
param-CAWL-0881,hum (v),0881,CAWL,core,,,,,,,,
param-CAWL-0882,whistle (v),0882,CAWL,core,,,,,,,,
param-CAWL-0883,dance (n),0883,CAWL,core,,,,,,,,
param-CAWL-0884,dance (v),0884,CAWL,core,,,,,,,,
param-CAWL-0885,big(gest) drum,0885,CAWL,core,,,,,x,x,x,
param-CAWL-0886,small(est) drum,0886,CAWL,core,,,,,,,x,
param-CAWL-0887,talking drum,0887,CAWL,core,,,,,,,,
param-CAWL-0888,hour glass drum,0888,CAWL,core,,,,,,,,
param-CAWL-0889,flute,0889,CAWL,core,,,,,,,,
param-CAWL-0890,harp,0890,CAWL,core,,,,,,,,
param-CAWL-0891,balafon,0891,CAWL,core,,,,,,,,
param-CAWL-0892,horn (musical instrument),0892,CAWL,core,,,,,x,x,x,
param-CAWL-0893,shell (musical instrument),0893,CAWL,core,,,,,,,,
param-CAWL-0894,rattle (musical instrument),0894,CAWL,core,,,,,,,,
param-CAWL-0895,play instrument,0895,CAWL,core,,,,,,,,
param-CAWL-0896,blow (horn),0896,CAWL,core,,,,,,,x,
param-CAWL-0897,draw (picture),0897,CAWL,core,,,,,,,,
param-CAWL-0898,decorate,0898,CAWL,core,,,,,,,,
param-CAWL-0899,carve,0899,CAWL,core,,,,,,,,
param-CAWL-0900,play (child) (intr),0900,CAWL,core,,,,,,,,
param-CAWL-0901,game,0901,CAWL,core,,,,,,,,
param-CAWL-0902,tobacco pipe,0902,CAWL,core,,,,,,,,
param-CAWL-0903,pipe-stem,0903,CAWL,core,,,,,,,,
param-CAWL-0904,tobacco,0904,CAWL,core,,,,,,,,
param-CAWL-0905,"awe, reverence (for God)",0905,CAWL,core,,,,,,,,
param-CAWL-0906,God (supreme being),0906,CAWL,core,,,,,,,,
param-CAWL-0907,"god (lesser), fetish (spirit)  dieu, fétiche (esprit)",0907,CAWL,core,,,,,,,,
param-CAWL-0908,"demon, evil spirit",0908,CAWL,core,,,,,,,,
param-CAWL-0909,ghost (visible apparition),0909,CAWL,core,,,,,,,,
param-CAWL-0910,"soul, spirit (of living",0910,CAWL,core,,,,,,,,
param-CAWL-0911,spirit (of dead person),0911,CAWL,core,,,,,,,,
param-CAWL-0912,pray,0912,CAWL,core,,,,,,,,
param-CAWL-0913,blessing,0913,CAWL,core,,,,,,,,
param-CAWL-0914,"divine, prophesy (v)",0914,CAWL,core,,,,,,,,
param-CAWL-0915,prophecy (n),0915,CAWL,core,,,,,,,,
param-CAWL-0916,vision (supernatural),0916,CAWL,core,,,,,,,,
param-CAWL-0917,omen,0917,CAWL,core,,,,,,,,
param-CAWL-0918,witchcraft,0918,CAWL,core,,,,,,,,
param-CAWL-0919,"bewitch, cast spell",0919,CAWL,core,,,,,,,,
param-CAWL-0920,curse (v),0920,CAWL,core,,,,,,,,
param-CAWL-0921,curse (n),0921,CAWL,core,,,,,,,,
param-CAWL-0922,poison (n),0922,CAWL,core,,,,,,,,
param-CAWL-0923,poison (a person) (v),0923,CAWL,core,,,,,,,,
param-CAWL-0924,"amulet, charm, fetish",0924,CAWL,core,,,,,,,,
param-CAWL-0925,protect by charm,0925,CAWL,core,,,,,,,,
param-CAWL-0926,mask (n),0926,CAWL,core,,,,,,,,
param-CAWL-0927,(be) taboo,0927,CAWL,core,,,,,,,,
param-CAWL-0928,exorcise,0928,CAWL,core,,,,,,,,
param-CAWL-0929,sacrifice,0929,CAWL,core,,,,,,,,
param-CAWL-0930,pour libation,0930,CAWL,core,,,,,,,,
param-CAWL-0931,dwelling place of the dead,0931,CAWL,core,,,,,,,,
param-CAWL-0932,"tradition, custom",0932,CAWL,core,,,,,,,,
param-CAWL-0933,feast (n),0933,CAWL,core,,,,,,,,
param-CAWL-0934,naming ceremony (baby),0934,CAWL,core,,,,,,,,
param-CAWL-0935,circumcision (male),0935,CAWL,core,,,,,,,,
param-CAWL-0936,excision (female),0936,CAWL,core,,,,,,,,
param-CAWL-0937,initiation (male),0937,CAWL,core,,,,,,,,
param-CAWL-0938,initiation (female),0938,CAWL,core,,,,,,,,
param-CAWL-0939,marry,0939,CAWL,core,,,,,,,,
param-CAWL-0940,marriage (state of wedlock),0940,CAWL,core,,,,,,,,
param-CAWL-0941,"(be) engaged, (be) betrothed",0941,CAWL,core,,,,,,,,
param-CAWL-0942,brideprice (for bride’s,0942,CAWL,core,,,,,,,,
param-CAWL-0943,wedding (ceremony),0943,CAWL,core,,,,,,,,
param-CAWL-0944,bride,0944,CAWL,core,,,,,,,,
param-CAWL-0945,groom,0945,CAWL,core,,,,,,,,
param-CAWL-0946,polygamy,0946,CAWL,core,,,,,,,,
param-CAWL-0947,adultery,0947,CAWL,core,,,,,,,,
param-CAWL-0948,divorce (v),0948,CAWL,core,,,,,,,,
param-CAWL-0949,funeral (at occasion of death) funérailles (à l’occasion de la,0949,CAWL,core,,,,,,,,
param-CAWL-0950,mourning,0950,CAWL,core,,,,,,,,
param-CAWL-0951,"wail, ululate (at funeral) (v) pleurer, gémir, ululer",0951,CAWL,core,,,,,,,,
param-CAWL-0952,"condole, comfort (v)",0952,CAWL,core,,,,,,,,
param-CAWL-0953,corpse,0953,CAWL,core,,,,,,,,
param-CAWL-0954,bury,0954,CAWL,core,,,,,,,,
param-CAWL-0955,grave,0955,CAWL,core,,,,,,,,
param-CAWL-0956,cemetery,0956,CAWL,core,,,,,,,,
param-CAWL-0957,animal,0957,CAWL,core,,,,,,,,
param-CAWL-0958,"ox (general term), bovine",0958,CAWL,core,,,,,,,,
param-CAWL-0959,bull,0959,CAWL,core,,,,,,,,
param-CAWL-0960,cow (female),0960,CAWL,core,,,,,,,,
param-CAWL-0961,heifer,0961,CAWL,core,,,,,,,,
param-CAWL-0962,steer,0962,CAWL,core,,,,,,,,
param-CAWL-0963,calf,0963,CAWL,core,,,,,,,,
param-CAWL-0964,herd (of cattle),0964,CAWL,core,,,,,,,,
param-CAWL-0965,goat,0965,CAWL,core,,,,,,,,
param-CAWL-0966,"he-goat, billy goat",0966,CAWL,core,,,,,,,,
param-CAWL-0967,"she-goat, nanny goat",0967,CAWL,core,,,,,,,,
param-CAWL-0968,kid,0968,CAWL,core,,,,,,,,
param-CAWL-0969,sheep,0969,CAWL,core,,,,,,,,
param-CAWL-0970,ram,0970,CAWL,core,,,,,,,,
param-CAWL-0971,ewe,0971,CAWL,core,,,,,,,,
param-CAWL-0972,lamb,0972,CAWL,core,,,,,,,,
param-CAWL-0973,"flock (of sheep, goats)",0973,CAWL,core,,,,,,,,
param-CAWL-0974,chicken,0974,CAWL,core,,,,,,,,
param-CAWL-0975,rooster (cock),0975,CAWL,core,,,,,,,,
param-CAWL-0976,hen,0976,CAWL,core,,,,,,,,
param-CAWL-0977,chick,0977,CAWL,core,,,,,,,,
param-CAWL-0978,turkey,0978,CAWL,core,,,,,,,,
param-CAWL-0979,guinea fowl,0979,CAWL,core,,,,,,,,
param-CAWL-0980,duck,0980,CAWL,core,,,,,,,,
param-CAWL-0981,camel,0981,CAWL,core,,,,,,,,
param-CAWL-0982,horse,0982,CAWL,core,,,,,,,,
param-CAWL-0983,stallion,0983,CAWL,core,,,,,,,,
param-CAWL-0984,mare (female horse),0984,CAWL,core,,,,,,,,
param-CAWL-0985,colt,0985,CAWL,core,,,,,,,,
param-CAWL-0986,donkey,0986,CAWL,core,,,,,,,,
param-CAWL-0987,pig,0987,CAWL,core,,,,,,,,
param-CAWL-0988,boar (male pig),0988,CAWL,core,,,,,,,,
param-CAWL-0989,sow (female pig),0989,CAWL,core,,,,,,,,
param-CAWL-0990,piglet,0990,CAWL,core,,,,,,,,
param-CAWL-0991,dog,0991,CAWL,core,,,,,x,x,x,
param-CAWL-0992,pup,0992,CAWL,core,,,,,,,,
param-CAWL-0993,cat,0993,CAWL,core,,,,,,,,
param-CAWL-0994,kitten,0994,CAWL,core,,,,,,,,
param-CAWL-0995,elephant,0995,CAWL,core,,,,,,,,
param-CAWL-0996,hippopotamus,0996,CAWL,core,,,,,,,,
param-CAWL-0997,buffalo,0997,CAWL,core,,,,,,,,
param-CAWL-0998,rhinoceros,0998,CAWL,core,,,,,,,,
param-CAWL-0999,giraffe,0999,CAWL,core,,,,,,,,
param-CAWL-1000,warthog,1000,CAWL,core,,,,,,,,
param-CAWL-1001,monkey,1001,CAWL,core,,,,,,,,
param-CAWL-1002,baboon,1002,CAWL,core,,,,,,,,
param-CAWL-1003,hyena,1003,CAWL,core,,,,,,,,
param-CAWL-1004,jackal,1004,CAWL,core,,,,,,,,
param-CAWL-1005,antelope,1005,CAWL,core,,,,,,,,
param-CAWL-1006,zebra,1006,CAWL,core,,,,,,,,
param-CAWL-1007,"anteater, aardvark, antbear",1007,CAWL,core,,,,,,,,
param-CAWL-1008,"pangolin, scaly anteater",1008,CAWL,core,,,,,,,,
param-CAWL-1009,mouse,1009,CAWL,core,,,,,,,,
param-CAWL-1010,rat,1010,CAWL,core,,,,,,,,
param-CAWL-1011,"cane rat, cutting grass, grass aulacode (grand), rat de canne",1011,CAWL,core,,,,,,,,
param-CAWL-1012,palm rat,1012,CAWL,core,,,,,,,,
param-CAWL-1013,shrew,1013,CAWL,core,,,,,,,,
param-CAWL-1014,mole,1014,CAWL,core,,,,,,,,
param-CAWL-1015,mongoose,1015,CAWL,core,,,,,,,,
param-CAWL-1016,hare,1016,CAWL,core,,,,,,,,
param-CAWL-1017,squirrel,1017,CAWL,core,,,,,,,,
param-CAWL-1018,porcupine,1018,CAWL,core,,,,,,,,
param-CAWL-1019,bat,1019,CAWL,core,,,,,,,,
param-CAWL-1020,fruit bat,1020,CAWL,core,,,,,,,,
param-CAWL-1021,wild cat,1021,CAWL,core,,,,,,,,
param-CAWL-1022,civet cat,1022,CAWL,core,,,,,,,,
param-CAWL-1023,genet,1023,CAWL,core,,,,,,,,
param-CAWL-1024,leopard,1024,CAWL,core,,,,,,,,
param-CAWL-1025,lion,1025,CAWL,core,,,,,,,,
param-CAWL-1026,hide (of animal),1026,CAWL,core,,,,,,,,
param-CAWL-1027,fur,1027,CAWL,core,,,,,,,,
param-CAWL-1028,horn,1028,CAWL,core,,,,,x,x,x,
param-CAWL-1029,hump (of cow),1029,CAWL,core,,,,,,,,
param-CAWL-1030,udder,1030,CAWL,core,,,,,,,,
param-CAWL-1031,tail,1031,CAWL,core,,,,,x,x,x,
param-CAWL-1032,hoof,1032,CAWL,core,,,,,,,,
param-CAWL-1033,mane,1033,CAWL,core,,,,,,,,
param-CAWL-1034,elephant's trunk,1034,CAWL,core,,,,,,,,
param-CAWL-1035,elephant's tusk,1035,CAWL,core,,,,,,,,
param-CAWL-1036,"den, lair, hole",1036,CAWL,core,,,,,,,,
param-CAWL-1037,bark (as dog) (v),1037,CAWL,core,,,,,x,x,,
param-CAWL-1038,"bare, show (teeth)",1038,CAWL,core,,,,,,,,
param-CAWL-1039,growl,1039,CAWL,core,,,,,,,,
param-CAWL-1040,"ruminate, chew cud",1040,CAWL,core,,,,,,,,
param-CAWL-1041,bird,1041,CAWL,core,,,,,x,x,x,
param-CAWL-1042,crow,1042,CAWL,core,,,,,,,,
param-CAWL-1043,dove,1043,CAWL,core,,,,,,,,
param-CAWL-1044,weaver-bird,1044,CAWL,core,,,,,,,,
param-CAWL-1045,parrot,1045,CAWL,core,,,,,,,,
param-CAWL-1046,partridge,1046,CAWL,core,,,,,,,,
param-CAWL-1047,cattle egret,1047,CAWL,core,,,,,,,,
param-CAWL-1048,heron,1048,CAWL,core,,,,,,,,
param-CAWL-1049,kingfisher,1049,CAWL,core,,,,,,,,
param-CAWL-1050,hornbill,1050,CAWL,core,,,,,,,,
param-CAWL-1051,pelican,1051,CAWL,core,,,,,,,,
param-CAWL-1052,stork (marabou),1052,CAWL,core,,,,,,,,
param-CAWL-1053,ostrich,1053,CAWL,core,,,,,,,,
param-CAWL-1054,owl,1054,CAWL,core,,,,,,,,
param-CAWL-1055,eagle,1055,CAWL,core,,,,,,,,
param-CAWL-1056,hawk,1056,CAWL,core,,,,,,,,
param-CAWL-1057,vulture,1057,CAWL,core,,,,,,,,
param-CAWL-1058,feather,1058,CAWL,core,,,,,x,x,,
param-CAWL-1059,wing,1059,CAWL,core,,,,,,,,
param-CAWL-1060,"beak, bill",1060,CAWL,core,,,,,,,,
param-CAWL-1061,crest (of bird),1061,CAWL,core,,,,,,,,
param-CAWL-1062,comb (of rooster),1062,CAWL,core,,,,,,,,
param-CAWL-1063,crop (of bird),1063,CAWL,core,,,,,,,,
param-CAWL-1064,gizzard,1064,CAWL,core,,,,,,,,
param-CAWL-1065,claw,1065,CAWL,core,,,,,,,,
param-CAWL-1066,egg,1066,CAWL,core,,,,,x,x,,
param-CAWL-1067,eggshell,1067,CAWL,core,,,,,,,,
param-CAWL-1068,yolk (of egg),1068,CAWL,core,,,,,,,,
param-CAWL-1069,nest,1069,CAWL,core,,,,,,,,
param-CAWL-1070,flock (of birds),1070,CAWL,core,,,,,,,,
param-CAWL-1071,fly (v),1071,CAWL,core,,,,,x,x,x,
param-CAWL-1072,dive,1072,CAWL,core,,,,,,,,
param-CAWL-1073,soar,1073,CAWL,core,,,,,,,,
param-CAWL-1074,"land (v), alight",1074,CAWL,core,,,,,,,,
param-CAWL-1075,perch,1075,CAWL,core,,,,,,,,
param-CAWL-1076,flap the wings,1076,CAWL,core,,,,,,,,
param-CAWL-1077,cackle (as of chicken),1077,CAWL,core,,,,,,,,
param-CAWL-1078,crow (as a rooster) (v),1078,CAWL,core,,,,,,,,
param-CAWL-1079,peck (tr),1079,CAWL,core,,,,,,,,
param-CAWL-1080,lay (eggs),1080,CAWL,core,,,,,,,,
param-CAWL-1081,"incubate, set (on eggs)",1081,CAWL,core,,,,,,,,
param-CAWL-1082,hatch,1082,CAWL,core,,,,,,,,
param-CAWL-1083,fish,1083,CAWL,core,,,,,x,x,x,
param-CAWL-1084,catfish,1084,CAWL,core,,,,,,,,
param-CAWL-1085,mudfish (lives in the mud,1085,CAWL,core,,,,,,,,
param-CAWL-1086,eel,1086,CAWL,core,,,,,,,,
param-CAWL-1087,fish bone,1087,CAWL,core,,,,,,,,
param-CAWL-1088,fish-scale,1088,CAWL,core,,,,,,,,
param-CAWL-1089,gill,1089,CAWL,core,,,,,,,,
param-CAWL-1090,fin,1090,CAWL,core,,,,,,,,
param-CAWL-1091,crab,1091,CAWL,core,,,,,,,,
param-CAWL-1092,shrimp,1092,CAWL,core,,,,,,,,
param-CAWL-1093,clam,1093,CAWL,core,,,,,,,,
param-CAWL-1094,snail,1094,CAWL,core,,,,,,,,
param-CAWL-1095,snake,1095,CAWL,core,,,,,,,,
param-CAWL-1096,spitting cobra,1096,CAWL,core,,,,,,,,
param-CAWL-1097,puff adder,1097,CAWL,core,,,,,,,,
param-CAWL-1098,python,1098,CAWL,core,,,,,,,,
param-CAWL-1099,green mamba,1099,CAWL,core,,,,,,,,
param-CAWL-1100,lizard,1100,CAWL,core,,,,,,,,
param-CAWL-1101,agama lizard (red-headed),1101,CAWL,core,,,,,,,,
param-CAWL-1102,chameleon,1102,CAWL,core,,,,,,,,
param-CAWL-1103,gecko,1103,CAWL,core,,,,,,,,
param-CAWL-1104,monitor lizard,1104,CAWL,core,,,,,,,,
param-CAWL-1105,crocodile,1105,CAWL,core,,,,,,,,
param-CAWL-1106,frog,1106,CAWL,core,,,,,,,,
param-CAWL-1107,toad,1107,CAWL,core,,,,,,,,
param-CAWL-1108,tortoise (land),1108,CAWL,core,,,,,,,,
param-CAWL-1109,turtle (water),1109,CAWL,core,,,,,,,,
param-CAWL-1110,fang (of snake),1110,CAWL,core,,,,,,,,
param-CAWL-1111,venom (of snake),1111,CAWL,core,,,,,,,,
param-CAWL-1112,shell (of turtle),1112,CAWL,core,,,,,,,,
param-CAWL-1113,slither (snake),1113,CAWL,core,,,,,,,,
param-CAWL-1114,bite (snake),1114,CAWL,core,,,,,x,x,x,
param-CAWL-1115,crawl (lizard),1115,CAWL,core,,,,,,,,
param-CAWL-1116,hiss,1116,CAWL,core,,,,,,,,
param-CAWL-1117,insect,1117,CAWL,core,,,,,,,,
param-CAWL-1118,flea,1118,CAWL,core,,,,,,,,
param-CAWL-1119,louse,1119,CAWL,core,,,,,x,x,x,
param-CAWL-1120,bedbug,1120,CAWL,core,,,,,,,,
param-CAWL-1121,maggot (in rotten meat),1121,CAWL,core,,,,,,,,
param-CAWL-1122,cockroach,1122,CAWL,core,,,,,,,,
param-CAWL-1123,ant,1123,CAWL,core,,,,,,,,
param-CAWL-1124,"army ant, soldier ant",1124,CAWL,core,,,,,,,,
param-CAWL-1125,flying ant,1125,CAWL,core,,,,,,,,
param-CAWL-1126,termite,1126,CAWL,core,,,,,,,,
param-CAWL-1127,spider,1127,CAWL,core,,,,,,,,
param-CAWL-1128,tarantula,1128,CAWL,core,,,,,,,,
param-CAWL-1129,scorpion,1129,CAWL,core,,,,,,,,
param-CAWL-1130,dung beetle,1130,CAWL,core,,,,,,,,
param-CAWL-1131,jigger,1131,CAWL,core,,,,,,,,
param-CAWL-1132,grasshopper,1132,CAWL,core,,,,,,,,
param-CAWL-1133,cricket,1133,CAWL,core,,,,,,,,
param-CAWL-1134,locust,1134,CAWL,core,,,,,,,,
param-CAWL-1135,praying mantis,1135,CAWL,core,,,,,,,,
param-CAWL-1136,leech,1136,CAWL,core,,,,,,,,
param-CAWL-1137,caterpillar,1137,CAWL,core,,,,,,,,
param-CAWL-1138,centipede,1138,CAWL,core,,,,,,,,
param-CAWL-1139,millipede,1139,CAWL,core,,,,,,,,
param-CAWL-1140,earthworm,1140,CAWL,core,,,,,,,,
param-CAWL-1141,fly (n),1141,CAWL,core,,,,,x,x,x,
param-CAWL-1142,mosquito,1142,CAWL,core,,,,,,,,
param-CAWL-1143,bee,1143,CAWL,core,,,,,,,,
param-CAWL-1144,mud wasp,1144,CAWL,core,,,,,,,,
param-CAWL-1145,dragonfly,1145,CAWL,core,,,,,,,,
param-CAWL-1146,butterfly,1146,CAWL,core,,,,,,,,
param-CAWL-1147,moth,1147,CAWL,core,,,,,,,,
param-CAWL-1148,antenna,1148,CAWL,core,,,,,,,,
param-CAWL-1149,sting (v),1149,CAWL,core,,,,,,,,
param-CAWL-1150,stinger,1150,CAWL,core,,,,,,,,
param-CAWL-1151,spider's web,1151,CAWL,core,,,,,,,,
param-CAWL-1152,cocoon,1152,CAWL,core,,,,,,,,
param-CAWL-1153,termite hill,1153,CAWL,core,,,,,,,,
param-CAWL-1154,beehive,1154,CAWL,core,,,,,,,,
param-CAWL-1155,"beeswax, bee-bread",1155,CAWL,core,,,,,,,,
param-CAWL-1156,honey,1156,CAWL,core,,,,,,,,
param-CAWL-1157,swarm (n),1157,CAWL,core,,,,,,,,
param-CAWL-1158,tree,1158,CAWL,core,,,,,x,x,x,
param-CAWL-1159,ebony tree,1159,CAWL,core,,,,,,,,
param-CAWL-1160,mahogany tree,1160,CAWL,core,,,,,,,,
param-CAWL-1161,teak tree,1161,CAWL,core,,,,,,,,
param-CAWL-1162,baobab tree,1162,CAWL,core,,,,,,,,
param-CAWL-1163,"silk-cotton tree, kapok tree",1163,CAWL,core,,,,,,,,
param-CAWL-1164,"shea-butter tree, shea-nut",1164,CAWL,core,,,,,,,,
param-CAWL-1165,fig tree,1165,CAWL,core,,,,,,,,
param-CAWL-1166,thorn-tree,1166,CAWL,core,,,,,,,,
param-CAWL-1167,tamarind tree,1167,CAWL,core,,,,,,,,
param-CAWL-1168,oil palm,1168,CAWL,core,,,,,,,,
param-CAWL-1169,coconut palm,1169,CAWL,core,,,,,,,,
param-CAWL-1170,raffia palm,1170,CAWL,core,,,,,,,,
param-CAWL-1171,date palm,1171,CAWL,core,,,,,,,,
param-CAWL-1172,bush,1172,CAWL,core,,,,,,,,
param-CAWL-1173,grass,1173,CAWL,core,,,,,,,,
param-CAWL-1174,bamboo,1174,CAWL,core,,,,,,,,
param-CAWL-1175,reed,1175,CAWL,core,,,,,,,,
param-CAWL-1176,weeds,1176,CAWL,core,,,,,,,,
param-CAWL-1177,leaf,1177,CAWL,core,,,,,x,x,x,
param-CAWL-1178,branch (of tree),1178,CAWL,core,,,,,,,,
param-CAWL-1179,trunk (of tree),1179,CAWL,core,,,,,,,,
param-CAWL-1180,bark (of tree),1180,CAWL,core,,,,,x,x,,
param-CAWL-1181,sap,1181,CAWL,core,,,,,,,,
param-CAWL-1182,stump,1182,CAWL,core,,,,,,,,
param-CAWL-1183,root,1183,CAWL,core,,,,,x,x,x,
param-CAWL-1184,"bulb, tuber",1184,CAWL,core,,,,,,,,
param-CAWL-1185,"stem, stalk (of maize, millet, tige (de maïs, de mil)",1185,CAWL,core,,,,,,,,
param-CAWL-1186,"silk, hair (of maize)",1186,CAWL,core,,,,,,,,
param-CAWL-1187,blade (of grass),1187,CAWL,core,,,,,,,,
param-CAWL-1188,flower,1188,CAWL,core,,,,,,,,
param-CAWL-1189,bud,1189,CAWL,core,,,,,,,,
param-CAWL-1190,shoot (new plant),1190,CAWL,core,,,,,,,,
param-CAWL-1191,vine,1191,CAWL,core,,,,,,,,
param-CAWL-1192,tendril,1192,CAWL,core,,,,,,,,
param-CAWL-1193,thorn,1193,CAWL,core,,,,,,,,
param-CAWL-1194,"palm branch, frond",1194,CAWL,core,,,,,,,,
param-CAWL-1195,midrib of palm-frond,1195,CAWL,core,,,,,,,,
param-CAWL-1196,palm needle,1196,CAWL,core,,,,,,,,
param-CAWL-1197,juice,1197,CAWL,core,,,,,,,,
param-CAWL-1198,"stone, pit",1198,CAWL,core,,,,,x,x,x,
param-CAWL-1199,regime (of bananas),1199,CAWL,core,,,,,,,,
param-CAWL-1200,corn cob,1200,CAWL,core,,,,,,,,
param-CAWL-1201,"kernel (of corn, maize)",1201,CAWL,core,,,,,,,,
param-CAWL-1202,seed,1202,CAWL,core,,,,,x,x,x,
param-CAWL-1203,skin (of fruit),1203,CAWL,core,,,,,x,x,x,
param-CAWL-1204,shell (of groundnut),1204,CAWL,core,,,,,,,,
param-CAWL-1205,corn husk (n),1205,CAWL,core,,,,,,,,
param-CAWL-1206,chaff,1206,CAWL,core,,,,,,,,
param-CAWL-1207,fruit,1207,CAWL,core,,,,,,,,
param-CAWL-1208,banana,1208,CAWL,core,,,,,,,,
param-CAWL-1209,plantain,1209,CAWL,core,,,,,,,,
param-CAWL-1210,lemon,1210,CAWL,core,,,,,,,,
param-CAWL-1211,orange,1211,CAWL,core,,,,,,,,
param-CAWL-1212,grapefruit,1212,CAWL,core,,,,,,,,
param-CAWL-1213,"pawpaw, papaya",1213,CAWL,core,,,,,,,,
param-CAWL-1214,pineapple,1214,CAWL,core,,,,,,,,
param-CAWL-1215,guava,1215,CAWL,core,,,,,,,,
param-CAWL-1216,avocado,1216,CAWL,core,,,,,,,,
param-CAWL-1217,fig,1217,CAWL,core,,,,,,,,
param-CAWL-1218,date,1218,CAWL,core,,,,,,,,
param-CAWL-1219,tomato,1219,CAWL,core,,,,,,,,
param-CAWL-1220,onion,1220,CAWL,core,,,,,,,,
param-CAWL-1221,garlic,1221,CAWL,core,,,,,,,,
param-CAWL-1222,pepper (green),1222,CAWL,core,,,,,,,,
param-CAWL-1223,"red pepper, hot pepper",1223,CAWL,core,,,,,,,,
param-CAWL-1224,okra,1224,CAWL,core,,,,,,,,
param-CAWL-1225,egg-plant,1225,CAWL,core,,,,,,,,
param-CAWL-1226,mushroom,1226,CAWL,core,,,,,,,,
param-CAWL-1227,"cassava, manioc",1227,CAWL,core,,,,,,,,
param-CAWL-1228,"cocoyam, taro",1228,CAWL,core,,,,,,,,
param-CAWL-1229,yam,1229,CAWL,core,,,,,,,,
param-CAWL-1230,sweet potato,1230,CAWL,core,,,,,,,,
param-CAWL-1231,potato,1231,CAWL,core,,,,,,,,
param-CAWL-1232,"maize, corn",1232,CAWL,core,,,,,,,,
param-CAWL-1233,millet (rainy season),1233,CAWL,core,,,,,,,,
param-CAWL-1234,sorghum (dry season),1234,CAWL,core,,,,,,,,
param-CAWL-1235,guinea corn,1235,CAWL,core,,,,,,,,
param-CAWL-1236,rice,1236,CAWL,core,,,,,,,,
param-CAWL-1237,"groundnut, peanut",1237,CAWL,core,,,,,,,,
param-CAWL-1238,sesame seed,1238,CAWL,core,,,,,,,,
param-CAWL-1239,cola nut,1239,CAWL,core,,,,,,,,
param-CAWL-1240,palm nut,1240,CAWL,core,,,,,,,,
param-CAWL-1241,sugar cane,1241,CAWL,core,,,,,,,,
param-CAWL-1242,coffee,1242,CAWL,core,,,,,,,,
param-CAWL-1243,rubber,1243,CAWL,core,,,,,,,,
param-CAWL-1244,cotton,1244,CAWL,core,,,,,,,,
param-CAWL-1245,grow (of plants),1245,CAWL,core,,,,,,,,
param-CAWL-1246,sprout (v),1246,CAWL,core,,,,,,,,
param-CAWL-1247,(be) ripe,1247,CAWL,core,,,,,,,,
param-CAWL-1248,"ripen, become ripe",1248,CAWL,core,,,,,,,,
param-CAWL-1249,(be) unripe,1249,CAWL,core,,,,,,,,
param-CAWL-1250,(be) rotten,1250,CAWL,core,,,,,,,,
param-CAWL-1251,"(be) shrivelled, (be) wrinkled (être) ratatiné, ridé, flétri",1251,CAWL,core,,,,,,,,
param-CAWL-1252,wither (plant),1252,CAWL,core,,,,,,,,
param-CAWL-1253,blight (n),1253,CAWL,core,,,,,,,,
param-CAWL-1254,world,1254,CAWL,core,,,,,,,,
param-CAWL-1255,place,1255,CAWL,core,,,,,,,,
param-CAWL-1256,desert,1256,CAWL,core,,,,,,,,
param-CAWL-1257,grassland,1257,CAWL,core,,,,,,,,
param-CAWL-1258,forest,1258,CAWL,core,,,,,,,,
param-CAWL-1259,"open place, clearing",1259,CAWL,core,,,,,,,,
param-CAWL-1260,"bush country, rural area",1260,CAWL,core,,,,,,,,
param-CAWL-1261,"ground, land",1261,CAWL,core,,,,,,,,
param-CAWL-1262,mountain,1262,CAWL,core,,,,,,,,
param-CAWL-1263,"summit, highest point",1263,CAWL,core,,,,,,,,
param-CAWL-1264,cliff,1264,CAWL,core,,,,,,,,
param-CAWL-1265,valley,1265,CAWL,core,,,,,,,,
param-CAWL-1266,ditch,1266,CAWL,core,,,,,,,,
param-CAWL-1267,pit,1267,CAWL,core,,,,,,,,
param-CAWL-1268,hole,1268,CAWL,core,,,,,,,,
param-CAWL-1269,crevice,1269,CAWL,core,,,,,,,,
param-CAWL-1270,cave,1270,CAWL,core,,,,,,,,
param-CAWL-1271,rock (large),1271,CAWL,core,,,,,,,,
param-CAWL-1272,stone (small),1272,CAWL,core,,,,,x,x,x,
param-CAWL-1273,gravel,1273,CAWL,core,,,,,,,,
param-CAWL-1274,sand,1274,CAWL,core,,,,,x,x,,
param-CAWL-1275,dust,1275,CAWL,core,,,,,,,,
param-CAWL-1276,"dirt, soil",1276,CAWL,core,,,,,,,,
param-CAWL-1277,clay,1277,CAWL,core,,,,,,,,
param-CAWL-1278,mud,1278,CAWL,core,,,,,,,,
param-CAWL-1279,iron,1279,CAWL,core,,,,,,,,
param-CAWL-1280,gold,1280,CAWL,core,,,,,,,,
param-CAWL-1281,silver,1281,CAWL,core,,,,,,,,
param-CAWL-1282,copper,1282,CAWL,core,,,,,,,,
param-CAWL-1283,rust (n),1283,CAWL,core,,,,,,,,
param-CAWL-1284,water,1284,CAWL,core,,,,,x,x,x,
param-CAWL-1285,"ocean, sea",1285,CAWL,core,,,,,,,,
param-CAWL-1286,lake,1286,CAWL,core,,,,,,,,
param-CAWL-1287,pool,1287,CAWL,core,,,,,,,,
param-CAWL-1288,waterhole,1288,CAWL,core,,,,,,,,
param-CAWL-1289,marsh,1289,CAWL,core,,,,,,,,
param-CAWL-1290,spring,1290,CAWL,core,,,,,,,,
param-CAWL-1291,waterfall,1291,CAWL,core,,,,,,,,
param-CAWL-1292,"brook, stream",1292,CAWL,core,,,,,,,,
param-CAWL-1293,river,1293,CAWL,core,,,,,,,,
param-CAWL-1294,"current (river, stream)",1294,CAWL,core,,,,,,,,
param-CAWL-1295,riverbed (dry),1295,CAWL,core,,,,,,,,
param-CAWL-1296,river bank,1296,CAWL,core,,,,,,,,
param-CAWL-1297,ford (n),1297,CAWL,core,,,,,,,,
param-CAWL-1298,bridge,1298,CAWL,core,,,,,,,,
param-CAWL-1299,island,1299,CAWL,core,,,,,,,,
param-CAWL-1300,beach,1300,CAWL,core,,,,,,,,
param-CAWL-1301,wave,1301,CAWL,core,,,,,,,,
param-CAWL-1302,bubble,1302,CAWL,core,,,,,,,,
param-CAWL-1303,foam,1303,CAWL,core,,,,,,,,
param-CAWL-1304,slime (organic),1304,CAWL,core,,,,,,,,
param-CAWL-1305,fire,1305,CAWL,core,,,,,x,x,x,
param-CAWL-1306,flame,1306,CAWL,core,,,,,,,,
param-CAWL-1307,spark,1307,CAWL,core,,,,,,,,
param-CAWL-1308,smoke,1308,CAWL,core,,,,,,,,
param-CAWL-1309,fireplace,1309,CAWL,core,,,,,,,,
param-CAWL-1310,firewood,1310,CAWL,core,,,,,,,,
param-CAWL-1311,charcoal,1311,CAWL,core,,,,,,,,
param-CAWL-1312,ashes,1312,CAWL,core,,,,,,,,
param-CAWL-1313,sky,1313,CAWL,core,,,,,,,,
param-CAWL-1314,air (breathed),1314,CAWL,core,,,,,,,,
param-CAWL-1315,cloud,1315,CAWL,core,,,,,x,x,x,
param-CAWL-1316,rainbow,1316,CAWL,core,,,,,,,,
param-CAWL-1317,sun,1317,CAWL,core,,,,,x,x,x,
param-CAWL-1318,moon,1318,CAWL,core,,,,,x,x,,
param-CAWL-1319,full moon,1319,CAWL,core,,,,,,,,
param-CAWL-1320,new moon,1320,CAWL,core,,,,,,,,
param-CAWL-1321,eclipse (moon),1321,CAWL,core,,,,,,,,
param-CAWL-1322,star,1322,CAWL,core,,,,,x,x,,
param-CAWL-1323,Pleiades,1323,CAWL,core,,,,,,,,
param-CAWL-1324,"Big Dipper, Plough, Great Bear la Grande Ourse, Girafe",1324,CAWL,core,,,,,,,,
param-CAWL-1325,Orion,1325,CAWL,core,,,,,,,,
param-CAWL-1326,"shooting star, meteor",1326,CAWL,core,,,,,,,,
param-CAWL-1327,"noise, sound (n)",1327,CAWL,core,,,,,,,,
param-CAWL-1328,rustle (leaves) (v),1328,CAWL,core,,,,,,,,
param-CAWL-1329,squeak (wheel) (v),1329,CAWL,core,,,,,,,,
param-CAWL-1330,wind (n),1330,CAWL,core,,,,,,,,
param-CAWL-1331,harmattan,1331,CAWL,core,,,,,,,,
param-CAWL-1332,storm,1332,CAWL,core,,,,,,,,
param-CAWL-1333,thunder,1333,CAWL,core,,,,,,,,
param-CAWL-1334,lightning,1334,CAWL,core,,,,,,,,
param-CAWL-1335,rain,1335,CAWL,core,,,,,x,x,x,
param-CAWL-1336,drizzle,1336,CAWL,core,,,,,,,,
param-CAWL-1337,hail,1337,CAWL,core,,,,,,,,
param-CAWL-1338,dew,1338,CAWL,core,,,,,,,,
param-CAWL-1339,flood (n),1339,CAWL,core,,,,,,,,
param-CAWL-1340,"dry up, evaporate",1340,CAWL,core,,,,,,,,
param-CAWL-1341,"drought, famine",1341,CAWL,core,,,,,,,,
param-CAWL-1342,season,1342,CAWL,core,,,,,,,,
param-CAWL-1343,rainy season,1343,CAWL,core,,,,,,,,
param-CAWL-1344,dry season,1344,CAWL,core,,,,,,,,
param-CAWL-1345,hot weather,1345,CAWL,core,,,,,,,,
param-CAWL-1346,cold weather,1346,CAWL,core,,,,,,,,
param-CAWL-1347,light,1347,CAWL,core,,,,,,,,
param-CAWL-1348,sunshine,1348,CAWL,core,,,,,,,,
param-CAWL-1349,moonlight,1349,CAWL,core,,,,,,,,
param-CAWL-1350,shadow,1350,CAWL,core,,,,,,,,
param-CAWL-1351,darkness,1351,CAWL,core,,,,,,,,
param-CAWL-1352,time,1352,CAWL,core,,,,,,,,
param-CAWL-1353,now,1353,CAWL,core,,,,,,,,
param-CAWL-1354,before,1354,CAWL,core,,,,,,,,
param-CAWL-1355,after,1355,CAWL,core,,,,,,,,
param-CAWL-1356,early,1356,CAWL,core,,,,,,,,
param-CAWL-1357,late,1357,CAWL,core,,,,,,,,
param-CAWL-1358,once,1358,CAWL,core,,,,,,,,
param-CAWL-1359,again,1359,CAWL,core,,,,,,,,
param-CAWL-1360,sometimes,1360,CAWL,core,,,,,,,,
param-CAWL-1361,often,1361,CAWL,core,,,,,,,,
param-CAWL-1362,usually,1362,CAWL,core,,,,,,,,
param-CAWL-1363,always,1363,CAWL,core,,,,,,,,
param-CAWL-1364,never,1364,CAWL,core,,,,,,,,
param-CAWL-1365,"spend time, pass time",1365,CAWL,core,,,,,,,,
param-CAWL-1366,wait,1366,CAWL,core,,,,,,,,
param-CAWL-1367,day,1367,CAWL,core,,,,,x,x,,
param-CAWL-1368,month,1368,CAWL,core,,,,,,,,
param-CAWL-1369,year,1369,CAWL,core,,,,,x,x,,
param-CAWL-1370,today,1370,CAWL,core,,,,,,,,
param-CAWL-1371,yesterday,1371,CAWL,core,,,,,,,,
param-CAWL-1372,day before yesterday,1372,CAWL,core,,,,,,,,
param-CAWL-1373,tomorrow,1373,CAWL,core,,,,,,,,
param-CAWL-1374,day after tomorrow,1374,CAWL,core,,,,,,,,
param-CAWL-1375,olden times,1375,CAWL,core,,,,,,,,
param-CAWL-1376,dawn (before sunrise),1376,CAWL,core,,,,,,,,
param-CAWL-1377,sunrise,1377,CAWL,core,,,,,,,,
param-CAWL-1378,morning,1378,CAWL,core,,,,,,,,
param-CAWL-1379,noon,1379,CAWL,core,,,,,,,,
param-CAWL-1380,afternoon,1380,CAWL,core,,,,,,,,
param-CAWL-1381,sunset,1381,CAWL,core,,,,,,,,
param-CAWL-1382,"dusk, twilight (after sunset)  crépuscule",1382,CAWL,core,,,,,,,,
param-CAWL-1383,daytime,1383,CAWL,core,,,,,,,,
param-CAWL-1384,night,1384,CAWL,core,,,,,x,x,x,
param-CAWL-1385,thing,1385,CAWL,core,,,,,,,,
param-CAWL-1386,piece,1386,CAWL,core,,,,,,,,
param-CAWL-1387,top,1387,CAWL,core,,,,,,,,
param-CAWL-1388,bottom,1388,CAWL,core,,,,,,,,
param-CAWL-1389,front (of something),1389,CAWL,core,,,,,,,,
param-CAWL-1390,back (of something),1390,CAWL,core,,,,,x,x,x,
param-CAWL-1391,side (of something),1391,CAWL,core,,,,,,,,
param-CAWL-1392,middle,1392,CAWL,core,,,,,,,,
param-CAWL-1393,edge (n),1393,CAWL,core,,,,,,,,
param-CAWL-1394,point (n),1394,CAWL,core,,,,,,,,
param-CAWL-1395,"bump (n), protuberance",1395,CAWL,core,,,,,,,,
param-CAWL-1396,spot (n),1396,CAWL,core,,,,,,,,
param-CAWL-1397,move (intr),1397,CAWL,core,,,,,,,,
param-CAWL-1398,movement,1398,CAWL,core,,,,,,,,
param-CAWL-1399,come,1399,CAWL,core,,,,,x,x,x,
param-CAWL-1400,go,1400,CAWL,core,,,,,,,x,
param-CAWL-1401,approach (v),1401,CAWL,core,,,,,,,,
param-CAWL-1402,arrive,1402,CAWL,core,,,,,,,,
param-CAWL-1403,"remain, stay",1403,CAWL,core,,,,,,,,
param-CAWL-1404,leave (place),1404,CAWL,core,,,,,,,,
param-CAWL-1405,"return, go back",1405,CAWL,core,,,,,,,,
param-CAWL-1406,"go round, detour",1406,CAWL,core,,,,,,,,
param-CAWL-1407,"enter, go in",1407,CAWL,core,,,,,,,,
param-CAWL-1408,"come (or go) out, exit (v)",1408,CAWL,core,,,,,x,x,x,
param-CAWL-1409,"ascend, go up",1409,CAWL,core,,,,,,,,
param-CAWL-1410,"descend, go down",1410,CAWL,core,,,,,,,,
param-CAWL-1411,fall (intr),1411,CAWL,core,,,,,,,x,
param-CAWL-1412,"swing (v), go back and forth",1412,CAWL,core,,,,,,,,
param-CAWL-1413,slide,1413,CAWL,core,,,,,,,,
param-CAWL-1414,roll,1414,CAWL,core,,,,,,,,
param-CAWL-1415,"spread (disease, fire)",1415,CAWL,core,,,,,,,,
param-CAWL-1416,burst,1416,CAWL,core,,,,,,,,
param-CAWL-1417,disappear,1417,CAWL,core,,,,,,,,
param-CAWL-1418,speed (n),1418,CAWL,core,,,,,,,,
param-CAWL-1419,(be) fast,1419,CAWL,core,,,,,,,,
param-CAWL-1420,(be) slow,1420,CAWL,core,,,,,,,,
param-CAWL-1421,"hasten, hurry",1421,CAWL,core,,,,,,,,
param-CAWL-1422,take,1422,CAWL,core,,,,,,,,
param-CAWL-1423,"snatch, seize",1423,CAWL,core,,,,,,,,
param-CAWL-1424,catch (object in air),1424,CAWL,core,,,,,,,,
param-CAWL-1425,pick up,1425,CAWL,core,,,,,,,,
param-CAWL-1426,hold,1426,CAWL,core,,,,,,,,
param-CAWL-1427,"raise, lift",1427,CAWL,core,,,,,,,,
param-CAWL-1428,lower (tr),1428,CAWL,core,,,,,,,,
param-CAWL-1429,drop (tr),1429,CAWL,core,,,,,,,,
param-CAWL-1430,throw,1430,CAWL,core,,,,,,,,
param-CAWL-1431,shoot (v),1431,CAWL,core,,,,,,,,
param-CAWL-1432,"knock down, knock over (an",1432,CAWL,core,,,,,,,,
param-CAWL-1433,turn over (tr),1433,CAWL,core,,,,,,,,
param-CAWL-1434,pull,1434,CAWL,core,,,,,,,,
param-CAWL-1435,drag,1435,CAWL,core,,,,,,,,
param-CAWL-1436,push,1436,CAWL,core,,,,,,,,
param-CAWL-1437,steer (v),1437,CAWL,core,,,,,,,,
param-CAWL-1438,"overtake, pass (tr)",1438,CAWL,core,,,,,,,,
param-CAWL-1439,surround,1439,CAWL,core,,,,,,,,
param-CAWL-1440,twist,1440,CAWL,core,,,,,,,,
param-CAWL-1441,fold (v),1441,CAWL,core,,,,,,,,
param-CAWL-1442,coil (rope) (v),1442,CAWL,core,,,,,,,,
param-CAWL-1443,hang up,1443,CAWL,core,,,,,,,,
param-CAWL-1444,spread out (maize) (tr),1444,CAWL,core,,,,,,,,
param-CAWL-1445,stretch,1445,CAWL,core,,,,,,,,
param-CAWL-1446,"hit, strike",1446,CAWL,core,,,,,,,x,
param-CAWL-1447,beat,1447,CAWL,core,,,,,,,,
param-CAWL-1448,"bump (v), knock against",1448,CAWL,core,,,,,,,,
param-CAWL-1449,rub,1449,CAWL,core,,,,,,,,
param-CAWL-1450,scrape (v),1450,CAWL,core,,,,,,,,
param-CAWL-1451,scratch (v),1451,CAWL,core,,,,,,,x,
param-CAWL-1452,pierce,1452,CAWL,core,,,,,,,,
param-CAWL-1453,tear (tr),1453,CAWL,core,,,,,,,,
param-CAWL-1454,strip off (bark),1454,CAWL,core,,,,,,,,
param-CAWL-1455,shake (tr),1455,CAWL,core,,,,,,,,
param-CAWL-1456,squeeze,1456,CAWL,core,,,,,,,,
param-CAWL-1457,crush (tr),1457,CAWL,core,,,,,,,,
param-CAWL-1458,"create, make",1458,CAWL,core,,,,,,,,
param-CAWL-1459,"alter, change (tr)",1459,CAWL,core,,,,,,,,
param-CAWL-1460,break (tr),1460,CAWL,core,,,,,,,,
param-CAWL-1461,"destroy, spoil",1461,CAWL,core,,,,,,,,
param-CAWL-1462,"(be) ruined, (be) spoiled",1462,CAWL,core,,,,,,,,
param-CAWL-1463,"join, put together",1463,CAWL,core,,,,,,,,
param-CAWL-1464,accumulate,1464,CAWL,core,,,,,,,,
param-CAWL-1465,gather,1465,CAWL,core,,,,,,,,
param-CAWL-1466,"divide, separate (tr)",1466,CAWL,core,,,,,,,,
param-CAWL-1467,scatter (tr),1467,CAWL,core,,,,,,,,
param-CAWL-1468,"throw away, get rid of",1468,CAWL,core,,,,,,,,
param-CAWL-1469,"put, place, set",1469,CAWL,core,,,,,,,,
param-CAWL-1470,leave (something somewhere),1470,CAWL,core,,,,,,,,
param-CAWL-1471,"keep, save",1471,CAWL,core,,,,,,,,
param-CAWL-1472,hide (tr),1472,CAWL,core,,,,,,,,
param-CAWL-1473,lose (tr),1473,CAWL,core,,,,,,,,
param-CAWL-1474,look for,1474,CAWL,core,,,,,,,,
param-CAWL-1475,find,1475,CAWL,core,,,,,,,,
param-CAWL-1476,blow (of wind) (v),1476,CAWL,core,,,,,,,x,
param-CAWL-1477,blow down,1477,CAWL,core,,,,,,,,
param-CAWL-1478,blow away (intr),1478,CAWL,core,,,,,,,,
param-CAWL-1479,fan (v),1479,CAWL,core,,,,,,,,
param-CAWL-1480,flow,1480,CAWL,core,,,,,,,x,
param-CAWL-1481,drip,1481,CAWL,core,,,,,,,,
param-CAWL-1482,leak (v),1482,CAWL,core,,,,,,,,
param-CAWL-1483,sprinkle,1483,CAWL,core,,,,,,,,
param-CAWL-1484,smear (tr),1484,CAWL,core,,,,,,,,
param-CAWL-1485,dip,1485,CAWL,core,,,,,,,,
param-CAWL-1486,soak,1486,CAWL,core,,,,,,,,
param-CAWL-1487,wring out,1487,CAWL,core,,,,,,,,
param-CAWL-1488,dry out (clothes),1488,CAWL,core,,,,,,,,
param-CAWL-1489,float,1489,CAWL,core,,,,,,,,
param-CAWL-1490,sink (v),1490,CAWL,core,,,,,,,,
param-CAWL-1491,drown (intr),1491,CAWL,core,,,,,,,,
param-CAWL-1492,shine,1492,CAWL,core,,,,,,,,
param-CAWL-1493,fade,1493,CAWL,core,,,,,,,,
param-CAWL-1494,(be) bright,1494,CAWL,core,,,,,,,,
param-CAWL-1495,(be) dim,1495,CAWL,core,,,,,,,,
param-CAWL-1496,light (fire) (v),1496,CAWL,core,,,,,,,,
param-CAWL-1497,"quench, extinguish",1497,CAWL,core,,,,,,,,
param-CAWL-1498,"burn (intr), blaze",1498,CAWL,core,,,,,x,x,x,
param-CAWL-1499,melt (intr),1499,CAWL,core,,,,,,,,
param-CAWL-1500,singe,1500,CAWL,core,,,,,,,,
param-CAWL-1501,begin,1501,CAWL,core,,,,,,,,
param-CAWL-1502,beginning,1502,CAWL,core,,,,,,,,
param-CAWL-1503,"continue, resume",1503,CAWL,core,,,,,,,,
param-CAWL-1504,end (n),1504,CAWL,core,,,,,,,,
param-CAWL-1505,"cease, stop",1505,CAWL,core,,,,,,,,
param-CAWL-1506,"finish, complete (v)",1506,CAWL,core,,,,,,,,
param-CAWL-1507,(be) big,1507,CAWL,core,,,,,,,,
param-CAWL-1508,enlarge,1508,CAWL,core,,,,,,,,
param-CAWL-1509,(be) small,1509,CAWL,core,,,,,,,,
param-CAWL-1510,diminish,1510,CAWL,core,,,,,,,,
param-CAWL-1511,(be) high,1511,CAWL,core,,,,,,,,
param-CAWL-1512,(be) low,1512,CAWL,core,,,,,,,,
param-CAWL-1513,(be) long,1513,CAWL,core,,,,,,,,
param-CAWL-1514,lengthen,1514,CAWL,core,,,,,,,,
param-CAWL-1515,(be) short,1515,CAWL,core,,,,,,,,
param-CAWL-1516,shorten,1516,CAWL,core,,,,,,,,
param-CAWL-1517,"(be) fat, (be) thick",1517,CAWL,core,,,,,,,,
param-CAWL-1518,(be) thin,1518,CAWL,core,,,,,,,,
param-CAWL-1519,(be) wide,1519,CAWL,core,,,,,,,,
param-CAWL-1520,widen,1520,CAWL,core,,,,,,,,
param-CAWL-1521,(be) narrow,1521,CAWL,core,,,,,,,,
param-CAWL-1522,(be) deep,1522,CAWL,core,,,,,,,,
param-CAWL-1523,deepen,1523,CAWL,core,,,,,,,,
param-CAWL-1524,(be) shallow,1524,CAWL,core,,,,,,,,
param-CAWL-1525,(be) flat,1525,CAWL,core,,,,,,,,
param-CAWL-1526,flatten,1526,CAWL,core,,,,,,,,
param-CAWL-1527,(be) hollow,1527,CAWL,core,,,,,,,,
param-CAWL-1528,swell (intr),1528,CAWL,core,,,,,,,,
param-CAWL-1529,(be) round,1529,CAWL,core,,,,,,,,
param-CAWL-1530,(be) straight,1530,CAWL,core,,,,,,,,
param-CAWL-1531,straighten,1531,CAWL,core,,,,,,,,
param-CAWL-1532,(be) crooked,1532,CAWL,core,,,,,,,,
param-CAWL-1533,"bend, crook, curve (n)",1533,CAWL,core,,,,,,,,
param-CAWL-1534,(be) heavy,1534,CAWL,core,,,,,,,,
param-CAWL-1535,weight,1535,CAWL,core,,,,,,,,
param-CAWL-1536,(be) light (not heavy),1536,CAWL,core,,,,,,,,
param-CAWL-1537,(be) sharp,1537,CAWL,core,,,,,,,,
param-CAWL-1538,sharpen (knife),1538,CAWL,core,,,,,,,,
param-CAWL-1539,"sharpen, bring to point",1539,CAWL,core,,,,,,,,
param-CAWL-1540,"(be) blunt, dull",1540,CAWL,core,,,,,,,,
param-CAWL-1541,(be) rough,1541,CAWL,core,,,,,,,,
param-CAWL-1542,(be) smooth,1542,CAWL,core,,,,,,,,
param-CAWL-1543,make smooth,1543,CAWL,core,,,,,,,,
param-CAWL-1544,(be) hard,1544,CAWL,core,,,,,,,,
param-CAWL-1545,harden,1545,CAWL,core,,,,,,,,
param-CAWL-1546,(be) soft,1546,CAWL,core,,,,,,,,
param-CAWL-1547,soften,1547,CAWL,core,,,,,,,,
param-CAWL-1548,(be) dry,1548,CAWL,core,,,,,,,,
param-CAWL-1549,(be) wet,1549,CAWL,core,,,,,,,,
param-CAWL-1550,(be) slippery,1550,CAWL,core,,,,,,,,
param-CAWL-1551,(be) sticky,1551,CAWL,core,,,,,,,,
param-CAWL-1552,(be) hot (objects),1552,CAWL,core,,,,,,,,
param-CAWL-1553,(be) cold (objects),1553,CAWL,core,,,,,,,,
param-CAWL-1554,colour,1554,CAWL,core,,,,,,,,
param-CAWL-1555,(be) white,1555,CAWL,core,,,,,,,,
param-CAWL-1556,(be) black,1556,CAWL,core,,,,,,,,
param-CAWL-1557,(be) red,1557,CAWL,core,,,,,,,,
param-CAWL-1558,(be) blue,1558,CAWL,core,,,,,,,,
param-CAWL-1559,(be) green,1559,CAWL,core,,,,,,,,
param-CAWL-1560,(be) brown,1560,CAWL,core,,,,,,,,
param-CAWL-1561,(be) yellow,1561,CAWL,core,,,,,,,,
param-CAWL-1562,(be) dark (colour),1562,CAWL,core,,,,,,,,
param-CAWL-1563,(be) light (colour),1563,CAWL,core,,,,,,,,
param-CAWL-1564,taste (n),1564,CAWL,core,,,,,,,,
param-CAWL-1565,(be) sweet,1565,CAWL,core,,,,,,,,
param-CAWL-1566,(be) sour,1566,CAWL,core,,,,,,,,
param-CAWL-1567,(be) bitter,1567,CAWL,core,,,,,,,,
param-CAWL-1568,"odour, smell (n)",1568,CAWL,core,,,,,,,,
param-CAWL-1569,"stink, smell (bad)",1569,CAWL,core,,,,,,,,
param-CAWL-1570,(be) able (to),1570,CAWL,core,,,,,,,,
param-CAWL-1571,(be) strong (physically),1571,CAWL,core,,,,,,,,
param-CAWL-1572,strength,1572,CAWL,core,,,,,,,,
param-CAWL-1573,(be) weak,1573,CAWL,core,,,,,,,,
param-CAWL-1574,"(be) great, (be) powerful",1574,CAWL,core,,,,,,,,
param-CAWL-1575,"splendour, glory",1575,CAWL,core,,,,,,,,
param-CAWL-1576,(be) good,1576,CAWL,core,,,,,,,,
param-CAWL-1577,(be) bad,1577,CAWL,core,,,,,,,,
param-CAWL-1578,"right, (be) correct",1578,CAWL,core,,,,,,,,
param-CAWL-1579,truth,1579,CAWL,core,,,,,,,,
param-CAWL-1580,(be) perfect,1580,CAWL,core,,,,,,,,
param-CAWL-1581,(be) wrong,1581,CAWL,core,,,,,,,,
param-CAWL-1582,(be) beautiful,1582,CAWL,core,,,,,,,,
param-CAWL-1583,(be) ugly,1583,CAWL,core,,,,,,,,
param-CAWL-1584,(be) clean,1584,CAWL,core,,,,,,,,
param-CAWL-1585,(be) dirty,1585,CAWL,core,,,,,,,,
param-CAWL-1586,(be) important,1586,CAWL,core,,,,,,,,
param-CAWL-1587,"(be) amusing, funny",1587,CAWL,core,,,,,,,,
param-CAWL-1588,(be) new,1588,CAWL,core,,,,,,,,
param-CAWL-1589,(be) old (not new),1589,CAWL,core,,,,,,,,
param-CAWL-1590,one (1),1590,CAWL,core,,,,,x,x,x,
param-CAWL-1591,two (2),1591,CAWL,core,,,,,x,x,x,
param-CAWL-1592,three (3),1592,CAWL,core,,,,,,,,
param-CAWL-1593,four (4),1593,CAWL,core,,,,,,,,
param-CAWL-1594,five (5),1594,CAWL,core,,,,,,,,
param-CAWL-1595,six (6),1595,CAWL,core,,,,,,,,
param-CAWL-1596,seven (7),1596,CAWL,core,,,,,,,,
param-CAWL-1597,eight (8),1597,CAWL,core,,,,,,,,
param-CAWL-1598,nine (9),1598,CAWL,core,,,,,,,,
param-CAWL-1599,ten (10),1599,CAWL,core,,,,,,,,
param-CAWL-1600,eleven (11),1600,CAWL,core,,,,,,,,
param-CAWL-1601,twelve (12),1601,CAWL,core,,,,,,,,
param-CAWL-1602,thirteen (13),1602,CAWL,core,,,,,,,,
param-CAWL-1603,fourteen (14),1603,CAWL,core,,,,,,,,
param-CAWL-1604,fifteen (15),1604,CAWL,core,,,,,,,,
param-CAWL-1605,sixteen (16),1605,CAWL,core,,,,,,,,
param-CAWL-1606,seventeen (17),1606,CAWL,core,,,,,,,,
param-CAWL-1607,eighteen (18),1607,CAWL,core,,,,,,,,
param-CAWL-1608,nineteen (19),1608,CAWL,core,,,,,,,,
param-CAWL-1609,twenty (20),1609,CAWL,core,,,,,,,,
param-CAWL-1610,twenty-one (21),1610,CAWL,core,,,,,,,,
param-CAWL-1611,twenty-two (22),1611,CAWL,core,,,,,,,,
param-CAWL-1612,thirty (30),1612,CAWL,core,,,,,,,,
param-CAWL-1613,forty (40),1613,CAWL,core,,,,,,,,
param-CAWL-1614,fifty (50),1614,CAWL,core,,,,,,,,
param-CAWL-1615,sixty (60),1615,CAWL,core,,,,,,,,
param-CAWL-1616,seventy (70),1616,CAWL,core,,,,,,,,
param-CAWL-1617,eighty (80),1617,CAWL,core,,,,,,,,
param-CAWL-1618,ninety (90),1618,CAWL,core,,,,,,,,
param-CAWL-1619,hundred (100),1619,CAWL,core,,,,,,,,
param-CAWL-1620,two hundred (200),1620,CAWL,core,,,,,,,,
param-CAWL-1621,five hundred (500),1621,CAWL,core,,,,,,,,
param-CAWL-1622,thousand (1000),1622,CAWL,core,,,,,,,,
param-CAWL-1623,(be) first,1623,CAWL,core,,,,,,,,
param-CAWL-1624,(be) second,1624,CAWL,core,,,,,,,,
param-CAWL-1625,(be) third,1625,CAWL,core,,,,,,,,
param-CAWL-1626,(be) last,1626,CAWL,core,,,,,,,,
param-CAWL-1627,add,1627,CAWL,core,,,,,,,,
param-CAWL-1628,"subtract, take away",1628,CAWL,core,,,,,,,,
param-CAWL-1629,increase (intr),1629,CAWL,core,,,,,,,,
param-CAWL-1630,decrease (intr),1630,CAWL,core,,,,,,,,
param-CAWL-1631,count (v),1631,CAWL,core,,,,,,,,
param-CAWL-1632,arrange,1632,CAWL,core,,,,,,,,
param-CAWL-1633,(be) equal,1633,CAWL,core,,,,,,,,
param-CAWL-1634,(be) abundant,1634,CAWL,core,,,,,,,,
param-CAWL-1635,enough,1635,CAWL,core,,,,,,,,
param-CAWL-1636,lack (v),1636,CAWL,core,,,,,,,,
param-CAWL-1637,(be) used up,1637,CAWL,core,,,,,,,,
param-CAWL-1638,all,1638,CAWL,core,,,,,x,x,,
param-CAWL-1639,many,1639,CAWL,core,,,,,x,x,,
param-CAWL-1640,few,1640,CAWL,core,,,,,,,,
param-CAWL-1641,half,1641,CAWL,core,,,,,,,,
param-CAWL-1642,whole,1642,CAWL,core,,,,,,,,
param-CAWL-1643,everybody,1643,CAWL,core,,,,,,,,
param-CAWL-1644,everything,1644,CAWL,core,,,,,,,,
param-CAWL-1645,everywhere,1645,CAWL,core,,,,,,,,
param-CAWL-1646,nobody,1646,CAWL,core,,,,,,,,
param-CAWL-1647,nothing,1647,CAWL,core,,,,,,,,
param-CAWL-1648,I,1648,CAWL,core,,,,,x,x,,
param-CAWL-1649,"you (masc., sing.)",1649,CAWL,core,,,,,x,x,,
param-CAWL-1650,he (human),1650,CAWL,core,,,,,x,x,,
param-CAWL-1651,we (incl.),1651,CAWL,core,,,,,x,x,x,
param-CAWL-1652,you (pl.),1652,CAWL,core,,,,,x,x,,
param-CAWL-1653,they (human),1653,CAWL,core,,,,,x,x,,
param-CAWL-1654,here,1654,CAWL,core,,,,,,,,
param-CAWL-1655,there,1655,CAWL,core,,,,,,,,
param-CAWL-1656,far,1656,CAWL,core,,,,,,,,
param-CAWL-1657,near,1657,CAWL,core,,,,,,,,
param-CAWL-1658,north,1658,CAWL,core,,,,,,,,
param-CAWL-1659,south,1659,CAWL,core,,,,,,,,
param-CAWL-1660,east,1660,CAWL,core,,,,,,,,
param-CAWL-1661,west,1661,CAWL,core,,,,,,,,
param-CAWL-1662,up,1662,CAWL,core,,,,,,,,
param-CAWL-1663,down,1663,CAWL,core,,,,,,,,
param-CAWL-1664,forward (direction),1664,CAWL,core,,,,,,,,
param-CAWL-1665,backward (direction),1665,CAWL,core,,,,,,,,
param-CAWL-1666,right (direction),1666,CAWL,core,,,,,,,,
param-CAWL-1667,left (direction),1667,CAWL,core,,,,,,,,
param-CAWL-1668,"over, above",1668,CAWL,core,,,,,,,,
param-CAWL-1669,"under, below",1669,CAWL,core,,,,,,,,
param-CAWL-1670,"in front of, before",1670,CAWL,core,,,,,,,,
param-CAWL-1671,behind,1671,CAWL,core,,,,,,,,
param-CAWL-1672,beside,1672,CAWL,core,,,,,,,,
param-CAWL-1673,inside,1673,CAWL,core,,,,,,,,
param-CAWL-1674,outside,1674,CAWL,core,,,,,,,,
param-CAWL-1675,between,1675,CAWL,core,,,,,,,,
param-CAWL-1676,towards,1676,CAWL,core,,,,,,,,
param-CAWL-1677,away from,1677,CAWL,core,,,,,,,,
param-CAWL-1678,with,1678,CAWL,core,,,,,,,,
param-CAWL-1679,this (man),1679,CAWL,core,,,,,x,x,,
param-CAWL-1680,that (man),1680,CAWL,core,,,,,x,x,,
param-CAWL-1681,some (men),1681,CAWL,core,,,,,,,,
param-CAWL-1682,other (men),1682,CAWL,core,,,,,,,,
param-CAWL-1683,who?,1683,CAWL,core,,,,,,,,
param-CAWL-1684,what?,1684,CAWL,core,,,,,,,,
param-CAWL-1685,which (one)?,1685,CAWL,core,,,,,,,,
param-CAWL-1686,where?,1686,CAWL,core,,,,,,,,
param-CAWL-1687,when?,1687,CAWL,core,,,,,,,,
param-CAWL-1688,why?,1688,CAWL,core,,,,,,,,
param-CAWL-1689,how?,1689,CAWL,core,,,,,,,,
param-CAWL-1690,how many?,1690,CAWL,core,,,,,,,,
param-CAWL-1691,and,1691,CAWL,core,,,,,,,,
param-CAWL-1692,if,1692,CAWL,core,,,,,,,,
param-CAWL-1693,because,1693,CAWL,core,,,,,,,,
param-CAWL-1694,perhaps,1694,CAWL,core,,,,,,,,
param-CAWL-1695,"really, truly",1695,CAWL,core,,,,,,,,
param-CAWL-1696,well (adv),1696,CAWL,core,,,,,,,,
param-CAWL-1697,poorly,1697,CAWL,core,,,,,,,,
param-CAWL-1698,only,1698,CAWL,core,,,,,,,,
param-CAWL-1699,yes,1699,CAWL,core,,,,,,,,
param-CAWL-1700,no,1700,CAWL,core,,,,,,,,
param-SUPP-0001,"correct, right",,LJ100,core,,,,,,,,
param-SUPP-0002,dirty,,LJ100,core,,,,,,,,
param-SUPP-0003,"dull, blunt",,LJ100,core,,,,,,,,
param-SUPP-0004,heavy,,LJ100+Swadesh,core,,,,,,x,,
param-SUPP-0005,new,,LJ100+Swadesh,core,,,,,x,x,,
param-SUPP-0006,old (of things),,LJ100+Swadesh,core,,,,,x,x,,
param-SUPP-0007,round,,LJ100,core,,,,,,,,
param-SUPP-0008,sharp,,LJ100+Swadesh,core,,,,,,x,,
param-SUPP-0009,smooth,,LJ100,core,,,,,,,,
param-SUPP-0010,straight,,LJ100+Swadesh,core,,,,,,x,,
param-SUPP-0011,narrow,,Swadesh,core,,,,,,x,,
param-SUPP-0012,thin,,Swadesh,core,,,,,,x,,
param-SUPP-0013,thick,,Swadesh,core,,,,,,x,,
param-SUPP-0014,wide,,Swadesh,core,,,,,,x,,
param-SUPP-0015,worm,,Swadesh,core,,,,,,x,,
param-SUPP-0016,"guts, intestines",,Swadesh,core,,,,,,x,,
param-SUPP-0017,kill,,Swadesh,core,,,,,x,x,,
param-SUPP-0018,"live, be alive",,Swadesh,core,,,,,,x,,
param-SUPP-0019,split,,Swadesh,core,,,,,,x,,
param-SUPP-0020,turn (intrans.),,Swadesh,core,,,,,,x,,
param-SUPP-0021,wipe,,Swadesh,core,,,,,,x,,
param-SUPP-0022,freeze,,Swadesh,core,,,,,,x,,
param-SUPP-0023,"fog, mist",,Swadesh,core,,,,,,x,,
param-SUPP-0024,snow,,Swadesh,core,,,,,,x,,
param-SUPP-0025,ice,,Swadesh,core,,,,,,x,,
param-SUPP-0026,ash,,Swadesh,core,,,,,,x,,
param-SUPP-0027,"sea, ocean",,Swadesh,core,,,,,,x,,
param-SUPP-0028,stick,,Swadesh,core,,,,,,x,,
param-SUPP-0029,belly,,Swadesh+LJ100,core,,,,,x,x,,
param-SUPP-0030,not,,Swadesh+LJ100,core,,,,,x,x,x,
param-SUPP-0031,who,,Swadesh+LJ100,core,,,,,x,x,x,
param-SUPP-0032,what,,Swadesh+LJ100,core,,,,,x,x,x,
param-SUPP-0033,where,,Swadesh,core,,,,,,x,,
param-SUPP-0034,when,,Swadesh,core,,,,,,x,,
param-SUPP-0035,how,,Swadesh,core,,,,,,x,,
param-SUPP-0036,good,,Swadesh+LJ100,core,,,,,x,x,,
param-SUPP-0037,long,,Swadesh+LJ100,core,,,,,,x,,
